awardeeCounty,Year_date,awardee,d_inv,d_59,estimatedTotalAmt,d_99,estimatedTotalAmt_d_99,total
Akron,2012,THE UNIVERSITY OF AKRON,0,2,100000,0,0,100000
Akron,2013,THE UNIVERSITY OF AKRON,1,0,0,1,300000,300000
Akron,2014,THE UNIVERSITY OF AKRON,0,4,200000,0,0,200000
Akron,2015,THE UNIVERSITY OF AKRON,0,1,50000,0,0,50000
Akron,2016,THE UNIVERSITY OF AKRON,0,2,100000,0,0,100000
Akron,2017,THE UNIVERSITY OF AKRON,0,1,50000,1,300000,350000
Akron,2018,THE UNIVERSITY OF AKRON,0,2,100000,0,0,100000
Akron,2019,THE UNIVERSITY OF AKRON,0,4,200000,0,0,200000
Akron,2020,THE UNIVERSITY OF AKRON,0,3,150000,0,0,150000
Akron,2021,THE UNIVERSITY OF AKRON,0,3,150000,0,0,150000
Akron,2022,THE UNIVERSITY OF AKRON,0,3,150000,0,0,150000
Albany,2014,"RESEARCH FOUNDATION FOR THE STATE UNIVERSITY OF NEW YORK, THE",0,1,50000,0,0,50000
Albany,2015,"RESEARCH FOUNDATION FOR THE STATE UNIVERSITY OF NEW YORK, THE",0,2,100000,1,299583,399583
Albany,2016,"RESEARCH FOUNDATION FOR THE STATE UNIVERSITY OF NEW YORK, THE",0,2,100000,0,0,100000
Albany,2020,"RESEARCH FOUNDATION FOR THE STATE UNIVERSITY OF NEW YORK, THE",0,2,100000,0,0,100000
Albuquerque,2017,UNIVERSITY OF NEW MEXICO,0,1,50000,0,0,50000
Albuquerque,2017,"UNIVERSITY OF NEW MEXICO, THE",0,1,50000,1,443631,493631
Albuquerque,2019,UNIVERSITY OF NEW MEXICO,0,1,50000,0,0,50000
Albuquerque,2020,"UNIVERSITY OF NEW MEXICO, THE",0,2,100000,0,0,100000
Albuquerque,2021,"UNIVERSITY OF NEW MEXICO, THE",0,1,50000,0,0,50000
Alexandria,2019,GEM CONSORTIUM,1,0,0,1,3498254,3498254
Allendale,2013,GRAND VALLEY STATE UNIVERSITY,0,1,50000,0,0,50000
Allendale,2016,GRAND VALLEY STATE UNIVERSITY,0,1,50000,0,0,50000
Ames,2012,IOWA STATE UNIVERSITY OF SCIENCE AND TECHNOLOGY,0,1,50000,0,0,50000
Ames,2015,IOWA STATE UNIVERSITY OF SCIENCE AND TECHNOLOGY,0,1,50000,0,0,50000
Ames,2016,IOWA STATE UNIVERSITY OF SCIENCE AND TECHNOLOGY,0,1,50000,0,0,50000
Ames,2017,IOWA STATE UNIVERSITY OF SCIENCE AND TECHNOLOGY,0,1,50000,1,498750,548750
Ames,2018,IOWA STATE UNIVERSITY OF SCIENCE AND TECHNOLOGY,0,1,50000,0,0,50000
Ames,2019,IOWA STATE UNIVERSITY OF SCIENCE AND TECHNOLOGY,0,2,100000,0,0,100000
Ames,2020,IOWA STATE UNIVERSITY OF SCIENCE AND TECHNOLOGY,0,2,100000,0,0,100000
Ames,2021,IOWA STATE UNIVERSITY OF SCIENCE AND TECHNOLOGY,0,2,100000,0,0,100000
Ann Arbor,2012,REGENTS OF THE UNIVERSITY OF MICHIGAN,0,9,450000,1,1499997,1949997
Ann Arbor,2013,REGENTS OF THE UNIVERSITY OF MICHIGAN,0,11,550000,0,0,550000
Ann Arbor,2014,REGENTS OF THE UNIVERSITY OF MICHIGAN,0,13,650000,0,0,650000
Ann Arbor,2015,REGENTS OF THE UNIVERSITY OF MICHIGAN,0,16,785149,0,0,785149
Ann Arbor,2016,REGENTS OF THE UNIVERSITY OF MICHIGAN,0,10,500000,1,3449985,3949985
Ann Arbor,2017,REGENTS OF THE UNIVERSITY OF MICHIGAN,0,1,50000,0,0,50000
Ann Arbor,2018,REGENTS OF THE UNIVERSITY OF MICHIGAN,0,2,100000,0,0,100000
Ann Arbor,2019,REGENTS OF THE UNIVERSITY OF MICHIGAN,0,4,200000,0,0,200000
Ann Arbor,2020,REGENTS OF THE UNIVERSITY OF MICHIGAN,0,7,350000,1,299775,649775
Ann Arbor,2021,REGENTS OF THE UNIVERSITY OF MICHIGAN,0,7,350000,1,15000000,15350000
Ann Arbor,2022,REGENTS OF THE UNIVERSITY OF MICHIGAN,0,4,200000,0,0,200000
Arlington,2012,UNIVERSITY OF TEXAS AT ARLINGTON,0,1,50000,0,0,50000
Arlington,2015,UNIVERSITY OF TEXAS AT ARLINGTON,0,3,150000,0,0,150000
Arlington,2016,UNIVERSITY OF TEXAS AT ARLINGTON,0,1,50000,0,0,50000
Arlington,2018,UNIVERSITY OF TEXAS AT ARLINGTON,0,1,50000,0,0,50000
Arlington,2021,UNIVERSITY OF TEXAS AT ARLINGTON,0,1,50000,0,0,50000
Arlington,2022,UNIVERSITY OF TEXAS AT ARLINGTON,0,1,50000,0,0,50000
Athens,2014,"UNIVERSITY OF GEORGIA RESEARCH FOUNDATION, INC.",0,1,50000,0,0,50000
Athens,2015,"UNIVERSITY OF GEORGIA RESEARCH FOUNDATION, INC.",0,1,50000,0,0,50000
Athens,2017,"UNIVERSITY OF GEORGIA RESEARCH FOUNDATION, INC.",1,0,0,1,500000,500000
Athens,2018,"UNIVERSITY OF GEORGIA RESEARCH FOUNDATION, INC.",0,1,50000,0,0,50000
Athens,2019,"UNIVERSITY OF GEORGIA RESEARCH FOUNDATION, INC.",0,2,100000,0,0,100000
Athens,2020,UNIVERSITY OF GEORGIA,0,1,50000,0,0,50000
Athens,2020,"UNIVERSITY OF GEORGIA RESEARCH FOUNDATION, INC.",0,1,50000,0,0,50000
Atlanta,2013,"GEORGIA STATE UNIVERSITY RESEARCH FOUNDATION, INC.",0,1,50000,0,0,50000
Atlanta,2015,EMORY UNIVERSITY,0,1,50000,0,0,50000
Atlanta,2015,"GEORGIA STATE UNIVERSITY RESEARCH FOUNDATION, INC.",0,2,100000,0,0,100000
Atlanta,2016,EMORY UNIVERSITY,0,1,50000,0,0,50000
Atlanta,2016,"GEORGIA STATE UNIVERSITY RESEARCH FOUNDATION, INC.",0,1,50000,0,0,50000
Atlanta,2019,"GEORGIA STATE UNIVERSITY RESEARCH FOUNDATION, INC.",0,1,50000,0,0,50000
Auburn University,2013,AUBURN UNIVERSITY,0,1,50000,0,0,50000
Auburn University,2014,AUBURN UNIVERSITY,0,1,50000,0,0,50000
Auburn University,2017,AUBURN UNIVERSITY,0,1,50000,0,0,50000
Auburn University,2018,AUBURN UNIVERSITY,0,2,100000,0,0,100000
Auburn University,2021,AUBURN UNIVERSITY,0,1,50000,0,0,50000
Austin,2013,UNIVERSITY OF TEXAS AT AUSTIN,0,1,50000,0,0,50000
Austin,2014,UNIVERSITY OF TEXAS AT AUSTIN,0,2,100000,1,3750000,3850000
Austin,2015,UNIVERSITY OF TEXAS AT AUSTIN,0,4,200000,0,0,200000
Austin,2016,UNIVERSITY OF TEXAS AT AUSTIN,0,4,200000,0,0,200000
Austin,2017,UNIVERSITY OF TEXAS AT AUSTIN,0,5,250000,1,3450000,3700000
Austin,2018,UNIVERSITY OF TEXAS AT AUSTIN,0,3,150000,0,0,150000
Austin,2019,UNIVERSITY OF TEXAS AT AUSTIN,0,1,50000,0,0,50000
Austin,2020,UNIVERSITY OF TEXAS AT AUSTIN,0,1,50000,0,0,50000
Austin,2021,UNIVERSITY OF TEXAS AT AUSTIN,0,4,200000,0,0,200000
Austin,2022,UNIVERSITY OF TEXAS AT AUSTIN,0,3,150000,0,0,150000
Baltimore,2012,"JOHNS HOPKINS UNIVERSITY, THE",0,1,44337,0,0,44337
Baltimore,2012,UNIVERSITY OF MARYLAND BALTIMORE COUNTY,0,1,50000,0,0,50000
Baltimore,2013,UNIVERSITY OF MARYLAND BALTIMORE COUNTY,0,1,50000,0,0,50000
Baltimore,2015,"JOHNS HOPKINS UNIVERSITY, THE",0,1,50000,0,0,50000
Baltimore,2015,UNIVERSITY OF MARYLAND,0,1,50000,0,0,50000
Baltimore,2015,UNIVERSITY OF MARYLAND BALTIMORE COUNTY,0,1,50000,0,0,50000
Baltimore,2016,"JOHNS HOPKINS UNIVERSITY, THE",0,3,150000,0,0,150000
Baltimore,2017,"JOHNS HOPKINS UNIVERSITY, THE",1,0,0,1,500000,500000
Baltimore,2019,"JOHNS HOPKINS UNIVERSITY, THE",0,1,50000,0,0,50000
Baltimore,2020,"JOHNS HOPKINS UNIVERSITY, THE",0,3,150000,0,0,150000
Baltimore,2021,"JOHNS HOPKINS UNIVERSITY, THE",0,1,50000,0,0,50000
Baton Rouge,2019,LOUISIANA STATE UNIVERSITY SYSTEM,0,1,50000,0,0,50000
Beaumont,2017,LAMAR UNIVERSITY,0,2,100000,0,0,100000
Berkeley,2013,INTERNATIONAL COMPUTER SCIENCE INSTITUTE,0,1,50000,0,0,50000
Berkeley,2013,"REGENTS OF THE UNIVERSITY OF CALIFORNIA, THE",0,1,50000,1,3750000,3800000
Berkeley,2014,"REGENTS OF THE UNIVERSITY OF CALIFORNIA, THE",0,4,200000,0,0,200000
Berkeley,2015,"REGENTS OF THE UNIVERSITY OF CALIFORNIA, THE",0,3,150000,0,0,150000
Berkeley,2016,"REGENTS OF THE UNIVERSITY OF CALIFORNIA, THE",0,8,400000,1,3450000,3850000
Berkeley,2017,"REGENTS OF THE UNIVERSITY OF CALIFORNIA, THE",0,13,650000,0,0,650000
Berkeley,2018,"REGENTS OF THE UNIVERSITY OF CALIFORNIA, THE",0,5,250000,0,0,250000
Berkeley,2019,"REGENTS OF THE UNIVERSITY OF CALIFORNIA, THE",0,8,400000,0,0,400000
Berkeley,2020,"REGENTS OF THE UNIVERSITY OF CALIFORNIA, THE",0,4,200000,0,0,200000
Berkeley,2021,"REGENTS OF THE UNIVERSITY OF CALIFORNIA, THE",0,3,150000,0,0,150000
Berkeley,2022,"REGENTS OF THE UNIVERSITY OF CALIFORNIA, THE",0,3,150000,0,0,150000
Bethlehem,2013,LEHIGH UNIVERSITY,0,1,50000,0,0,50000
Bethlehem,2014,LEHIGH UNIVERSITY,0,3,150000,0,0,150000
Bethlehem,2015,LEHIGH UNIVERSITY,0,3,150000,0,0,150000
Bethlehem,2016,LEHIGH UNIVERSITY,0,2,100000,0,0,100000
Bethlehem,2020,LEHIGH UNIVERSITY,0,1,50000,0,0,50000
Binghamton,2016,"RESEARCH FOUNDATION FOR THE STATE UNIVERSITY OF NEW YORK, THE",0,1,50000,0,0,50000
Binghamton,2017,"RESEARCH FOUNDATION FOR THE STATE UNIVERSITY OF NEW YORK, THE",0,1,50000,1,500000,550000
Binghamton,2018,"RESEARCH FOUNDATION FOR THE STATE UNIVERSITY OF NEW YORK, THE",0,2,100000,0,0,100000
Binghamton,2019,"RESEARCH FOUNDATION FOR THE STATE UNIVERSITY OF NEW YORK, THE",0,6,300000,0,0,300000
Binghamton,2020,"RESEARCH FOUNDATION FOR THE STATE UNIVERSITY OF NEW YORK, THE",0,3,150000,0,0,150000
Binghamton,2021,"RESEARCH FOUNDATION FOR THE STATE UNIVERSITY OF NEW YORK, THE",0,4,200000,0,0,200000
Birmingham,2017,UNIVERSITY OF ALABAMA AT BIRMINGHAM,1,0,0,1,498795,498795
Birmingham,2020,UNIVERSITY OF ALABAMA AT BIRMINGHAM,0,1,16607,0,0,16607
Blacksburg,2012,VIRGINIA POLYTECHNIC INSTITUTE AND STATE UNIVERSITY,0,2,100000,0,0,100000
Blacksburg,2013,VIRGINIA POLYTECHNIC INSTITUTE AND STATE UNIVERSITY,0,3,150000,0,0,150000
Blacksburg,2015,VIRGINIA POLYTECHNIC INSTITUTE AND STATE UNIVERSITY,0,3,150000,0,0,150000
Blacksburg,2016,VIRGINIA POLYTECHNIC INSTITUTE AND STATE UNIVERSITY,0,5,250000,0,0,250000
Blacksburg,2017,VIRGINIA POLYTECHNIC INSTITUTE AND STATE UNIVERSITY,0,1,50000,0,0,50000
Blacksburg,2018,VIRGINIA POLYTECHNIC INSTITUTE AND STATE UNIVERSITY,0,1,50000,0,0,50000
Blacksburg,2019,VIRGINIA POLYTECHNIC INSTITUTE AND STATE UNIVERSITY,0,3,150000,0,0,150000
Blacksburg,2021,VIRGINIA POLYTECHNIC INSTITUTE AND STATE UNIVERSITY,0,2,100000,0,0,100000
Blacksburg,2022,VIRGINIA POLYTECHNIC INSTITUTE AND STATE UNIVERSITY,0,2,99309,0,0,99309
Bloomington,2012,TRUSTEES OF INDIANA UNIVERSITY,0,1,50000,0,0,50000
Bloomington,2013,TRUSTEES OF INDIANA UNIVERSITY,0,1,50000,0,0,50000
Bloomington,2014,TRUSTEES OF INDIANA UNIVERSITY,0,1,50000,0,0,50000
Bloomington,2015,TRUSTEES OF INDIANA UNIVERSITY,0,1,50000,0,0,50000
Bloomington,2018,TRUSTEES OF INDIANA UNIVERSITY,0,2,100000,0,0,100000
Bloomington,2020,TRUSTEES OF INDIANA UNIVERSITY,0,1,50000,0,0,50000
Bloomington,2021,TRUSTEES OF INDIANA UNIVERSITY,0,1,50000,0,0,50000
Boca Raton,2018,FLORIDA ATLANTIC UNIVERSITY,0,1,50000,1,254997,304997
Boca Raton,2019,FLORIDA ATLANTIC UNIVERSITY,0,1,50000,0,0,50000
Boise,2013,BOISE STATE UNIVERSITY,0,1,50000,0,0,50000
Boise,2014,BOISE STATE UNIVERSITY,0,1,50000,0,0,50000
Boston,2011,NORTHEASTERN UNIVERSITY,0,1,50000,0,0,50000
Boston,2012,NORTHEASTERN UNIVERSITY,0,3,150000,0,0,150000
Boston,2013,NORTHEASTERN UNIVERSITY,0,2,100000,0,0,100000
Boston,2013,TRUSTEES OF BOSTON UNIVERSITY,0,2,100000,0,0,100000
Boston,2014,TRUSTEES OF BOSTON UNIVERSITY,0,1,50000,0,0,50000
Boston,2014,"MASSACHUSETTS GENERAL HOSPITAL, THE",1,0,0,1,300000,300000
Boston,2015,NORTHEASTERN UNIVERSITY,0,3,150000,0,0,150000
Boston,2016,NORTHEASTERN UNIVERSITY,0,9,450000,0,0,450000
Boston,2017,NORTHEASTERN UNIVERSITY,0,2,100000,1,436285,536285
Boston,2020,NORTHEASTERN UNIVERSITY,0,3,150000,0,0,150000
Boston,2020,TRUSTEES OF BOSTON UNIVERSITY,0,1,50000,0,0,50000
Boston,2021,NORTHEASTERN UNIVERSITY,0,1,50000,0,0,50000
Boston,2022,NORTHEASTERN UNIVERSITY,0,1,50000,0,0,50000
Boulder,2012,"REGENTS OF THE UNIVERSITY OF COLORADO, THE",0,1,50000,0,0,50000
Boulder,2013,"REGENTS OF THE UNIVERSITY OF COLORADO, THE",0,1,50000,0,0,50000
Boulder,2014,"REGENTS OF THE UNIVERSITY OF COLORADO, THE",0,2,100000,0,0,100000
Boulder,2016,"REGENTS OF THE UNIVERSITY OF COLORADO, THE",0,3,150000,0,0,150000
Boulder,2017,"REGENTS OF THE UNIVERSITY OF COLORADO, THE",0,1,50000,0,0,50000
Boulder,2018,"REGENTS OF THE UNIVERSITY OF COLORADO, THE",0,1,50000,0,0,50000
Boulder,2019,"REGENTS OF THE UNIVERSITY OF COLORADO, THE",0,1,50000,0,0,50000
Boulder,2021,"REGENTS OF THE UNIVERSITY OF COLORADO, THE",0,1,50000,0,0,50000
Brazos,2016,"TEXAS A&M UNIVERSITY SYSTEM, THE",0,1,50000,0,0,50000
Brazos,2017,"TEXAS A&M UNIVERSITY SYSTEM, THE",0,1,50000,0,0,50000
Brazos,2018,"TEXAS A&M UNIVERSITY SYSTEM, THE",0,1,50000,0,0,50000
Brazos,2021,"TEXAS A&M UNIVERSITY SYSTEM, THE",0,1,50000,0,0,50000
Brazos,2022,"TEXAS A&M UNIVERSITY SYSTEM, THE",0,1,50000,0,0,50000
Bronx,2014,RESEARCH FOUNDATION OF THE CITY UNIVERSITY OF NEW YORK,0,1,50000,0,0,50000
Brookings,2012,SOUTH DAKOTA STATE UNIVERSITY,0,1,50000,0,0,50000
Brookings,2018,SOUTH DAKOTA STATE UNIVERSITY,0,1,50000,0,0,50000
Brookings,2022,SOUTH DAKOTA STATE UNIVERSITY,0,1,50000,0,0,50000
Brooklyn,2013,RESEARCH FOUNDATION OF THE CITY UNIVERSITY OF NEW YORK,0,1,50000,1,3629089,3679089
Brooklyn,2014,RESEARCH FOUNDATION OF THE CITY UNIVERSITY OF NEW YORK,0,1,50000,0,0,50000
Brooklyn,2016,RESEARCH FOUNDATION OF THE CITY UNIVERSITY OF NEW YORK,0,1,50000,0,0,50000
Brooklyn,2019,RESEARCH FOUNDATION OF THE CITY UNIVERSITY OF NEW YORK,0,1,50000,0,0,50000
Brooklyn,2021,RESEARCH FOUNDATION OF THE CITY UNIVERSITY OF NEW YORK,0,1,50000,1,15000000,15050000
Buffalo,2013,"RESEARCH FOUNDATION FOR THE STATE UNIVERSITY OF NEW YORK, THE",0,3,150000,0,0,150000
Buffalo,2014,"RESEARCH FOUNDATION FOR THE STATE UNIVERSITY OF NEW YORK, THE",0,1,50000,0,0,50000
Buffalo,2015,"RESEARCH FOUNDATION FOR THE STATE UNIVERSITY OF NEW YORK, THE",0,2,100000,0,0,100000
Buffalo,2017,"RESEARCH FOUNDATION FOR THE STATE UNIVERSITY OF NEW YORK, THE",1,0,0,1,500000,500000
Buffalo,2021,"RESEARCH FOUNDATION FOR THE STATE UNIVERSITY OF NEW YORK, THE",0,4,200000,0,0,200000
Buffalo,2022,"RESEARCH FOUNDATION FOR THE STATE UNIVERSITY OF NEW YORK, THE",0,1,50000,0,0,50000
Burlington,2021,UNIVERSITY OF VERMONT & STATE AGRICULTURAL COLLEGE,0,1,50000,0,0,50000
Cambridge,2012,MASSACHUSETTS INSTITUTE OF TECHNOLOGY,0,2,100000,0,0,100000
Cambridge,2014,PRESIDENT AND FELLOWS OF HARVARD COLLEGE,0,1,50000,0,0,50000
Cambridge,2014,MASSACHUSETTS INSTITUTE OF TECHNOLOGY,1,0,0,1,299991,299991
Cambridge,2015,MASSACHUSETTS INSTITUTE OF TECHNOLOGY,0,4,200000,0,0,200000
Cambridge,2015,PRESIDENT AND FELLOWS OF HARVARD COLLEGE,0,2,100000,0,0,100000
Cambridge,2016,MASSACHUSETTS INSTITUTE OF TECHNOLOGY,0,5,250000,0,0,250000
Cambridge,2017,MASSACHUSETTS INSTITUTE OF TECHNOLOGY,0,4,200000,1,299613,499613
Cambridge,2018,MASSACHUSETTS INSTITUTE OF TECHNOLOGY,0,8,400000,1,4200000,4600000
Cambridge,2019,MASSACHUSETTS INSTITUTE OF TECHNOLOGY,0,8,400000,1,171116,571116
Cambridge,2020,MASSACHUSETTS INSTITUTE OF TECHNOLOGY,0,10,500000,0,0,500000
Cambridge,2020,PRESIDENT AND FELLOWS OF HARVARD COLLEGE,0,1,50000,0,0,50000
Cambridge,2021,MASSACHUSETTS INSTITUTE OF TECHNOLOGY,0,6,300000,0,0,300000
Cambridge,2021,PRESIDENT AND FELLOWS OF HARVARD COLLEGE,0,3,150000,0,0,150000
Camden,2018,"RUTGERS, THE STATE UNIVERSITY OF NEW JERSEY",0,1,50000,0,0,50000
Canton,2021,"RESEARCH FOUNDATION FOR THE STATE UNIVERSITY OF NEW YORK, THE",0,1,50000,0,0,50000
Canton,2021,SUNY CANTON,0,1,50000,0,0,50000
Canyon,2022,"TEXAS A&M UNIVERSITY SYSTEM,THE",0,1,50000,0,0,50000
Cape Girardeau,2020,SOUTHEAST MISSOURI STATE UNIVERSITY,0,1,45000,0,0,45000
Carbondale,2021,SOUTHERN ILLINOIS UNIVERSITY,0,1,50000,0,0,50000
Champaign,2011,UNIVERSITY OF ILLINOIS,0,2,100000,0,0,100000
Champaign,2012,UNIVERSITY OF ILLINOIS,0,1,50000,0,0,50000
Champaign,2013,UNIVERSITY OF ILLINOIS,0,3,150000,1,237120,387120
Champaign,2014,UNIVERSITY OF ILLINOIS,0,3,150000,0,0,150000
Champaign,2016,UNIVERSITY OF ILLINOIS,0,5,250000,0,0,250000
Champaign,2017,UNIVERSITY OF ILLINOIS,0,10,500000,1,300000,800000
Champaign,2018,UNIVERSITY OF ILLINOIS,0,2,100000,0,0,100000
Champaign,2019,UNIVERSITY OF ILLINOIS,0,5,250000,1,296238,546238
Champaign,2020,UNIVERSITY OF ILLINOIS,0,1,23280,0,0,23280
Champaign,2021,UNIVERSITY OF ILLINOIS,0,1,50000,0,0,50000
Champaign,2022,UNIVERSITY OF ILLINOIS,0,1,50000,0,0,50000
Chapel Hill,2012,UNIVERSITY OF NORTH CAROLINA AT CHAPEL HILL,0,2,100000,0,0,100000
Chapel Hill,2013,UNIVERSITY OF NORTH CAROLINA AT CHAPEL HILL,0,1,50000,0,0,50000
Chapel Hill,2016,UNIVERSITY OF NORTH CAROLINA AT CHAPEL HILL,0,1,50000,0,0,50000
Chapel Hill,2022,UNIVERSITY OF NORTH CAROLINA AT CHAPEL HILL,0,1,50000,0,0,50000
Charlotte,2012,"UNIVERSITY OF NORTH CAROLINA AT CHARLOTTE, THE",0,1,50000,0,0,50000
Charlotte,2013,"UNIVERSITY OF NORTH CAROLINA AT CHARLOTTE, THE",0,2,100000,0,0,100000
Charlotte,2015,"UNIVERSITY OF NORTH CAROLINA AT CHARLOTTE, THE",1,0,0,1,300000,300000
Charlotte,2016,"UNIVERSITY OF NORTH CAROLINA AT CHARLOTTE, THE",0,1,50000,0,0,50000
Charlotte,2017,"UNIVERSITY OF NORTH CAROLINA AT CHARLOTTE, THE",0,3,150000,0,0,150000
Charlotte,2019,"UNIVERSITY OF NORTH CAROLINA AT CHARLOTTE, THE",0,3,150000,0,0,150000
Charlotte,2020,"UNIVERSITY OF NORTH CAROLINA AT CHARLOTTE, THE",0,4,200000,0,0,200000
Charlotte,2021,"UNIVERSITY OF NORTH CAROLINA AT CHARLOTTE, THE",0,5,250000,0,0,250000
Charlotte,2022,"UNIVERSITY OF NORTH CAROLINA AT CHARLOTTE, THE",0,2,100000,0,0,100000
Charlottesville,2011,RECTOR & VISITORS OF THE UNIVERSITY OF VIRGINIA,0,1,50000,0,0,50000
Charlottesville,2012,RECTOR & VISITORS OF THE UNIVERSITY OF VIRGINIA,0,2,100000,0,0,100000
Charlottesville,2013,RECTOR & VISITORS OF THE UNIVERSITY OF VIRGINIA,0,2,100000,0,0,100000
Charlottesville,2015,RECTOR & VISITORS OF THE UNIVERSITY OF VIRGINIA,0,1,50000,0,0,50000
Charlottesville,2017,RECTOR & VISITORS OF THE UNIVERSITY OF VIRGINIA,1,0,0,1,500000,500000
Charlottesville,2019,RECTOR & VISITORS OF THE UNIVERSITY OF VIRGINIA,0,1,50000,0,0,50000
Charlottesville,2020,RECTOR & VISITORS OF THE UNIVERSITY OF VIRGINIA,0,1,50000,0,0,50000
Chattanooga,2020,UNIVERSITY OF TENNESSEE,0,1,50000,0,0,50000
Chautauqua,2020,"RESEARCH FOUNDATION FOR THE STATE UNIVERSITY OF NEW YORK, THE",0,1,50000,0,0,50000
Chicago,2012,UNIVERSITY OF ILLINOIS,0,2,99999,0,0,99999
Chicago,2014,UNIVERSITY OF ILLINOIS,0,1,50000,0,0,50000
Chicago,2014,"UNIVERSITY OF CHICAGO, THE",1,0,0,1,296776,296776
Chicago,2015,"UNIVERSITY OF CHICAGO, THE",0,2,100000,0,0,100000
Chicago,2015,UNIVERSITY OF ILLINOIS,0,4,200000,0,0,200000
Chicago,2016,"UNIVERSITY OF CHICAGO, THE",0,4,200000,0,0,200000
Chicago,2017,UNIVERSITY OF ILLINOIS,0,1,50000,0,0,50000
Chicago,2017,"UNIVERSITY OF CHICAGO, THE",1,0,0,1,299997,299997
Chicago,2019,ILLINOIS INSTITUTE OF TECHNOLOGY,0,1,50000,0,0,50000
Chicago,2020,DE PAUL UNIVERSITY,0,1,50000,0,0,50000
Chicago,2020,LOYOLA UNIVERSITY OF CHICAGO,0,1,50000,0,0,50000
Chicago,2020,"UNIVERSITY OF CHICAGO, THE",0,1,50000,0,0,50000
Chicago,2020,UNIVERSITY OF ILLINOIS,0,1,50000,0,0,50000
Chicago,2021,UNIVERSITY OF ILLINOIS,0,1,50000,0,0,50000
Chico,2012,CHICO STATE ENTERPRISES,0,1,50000,0,0,50000
Chico,2014,CHICO STATE ENTERPRISES,0,1,50000,0,0,50000
Cincinnati,2012,UNIVERSITY OF CINCINNATI,0,1,50000,0,0,50000
Cincinnati,2014,UNIVERSITY OF CINCINNATI,0,1,50000,0,0,50000
Cincinnati,2015,UNIVERSITY OF CINCINNATI,0,1,50000,0,0,50000
Cincinnati,2016,UNIVERSITY OF CINCINNATI,0,1,50000,0,0,50000
Cincinnati,2018,UNIVERSITY OF CINCINNATI,0,1,50000,0,0,50000
Clemson,2012,CLEMSON UNIVERSITY,0,3,150000,0,0,150000
Clemson,2013,CLEMSON UNIVERSITY,0,1,50000,0,0,50000
Clemson,2014,CLEMSON UNIVERSITY,0,1,50000,0,0,50000
Clemson,2015,CLEMSON UNIVERSITY,0,2,100000,0,0,100000
Clemson,2016,CLEMSON UNIVERSITY,0,1,50000,0,0,50000
Clemson,2017,CLEMSON UNIVERSITY,0,1,50000,0,0,50000
Clemson,2019,CLEMSON UNIVERSITY,0,2,100000,0,0,100000
Cleveland,2012,CASE WESTERN RESERVE UNIVERSITY,0,2,100000,0,0,100000
Cleveland,2014,"CLEVELAND CLINIC FOUNDATION, THE",1,0,0,1,300000,300000
Cleveland,2015,CASE WESTERN RESERVE UNIVERSITY,0,1,50000,0,0,50000
Cleveland,2017,"CLEVELAND CLINIC FOUNDATION, THE",0,1,50000,0,0,50000
Cleveland,2018,CLEVELAND STATE UNIVERSITY,0,1,50000,0,0,50000
Cleveland,2021,CLEVELAND STATE UNIVERSITY,0,2,100000,0,0,100000
Cleveland,2022,CLEVELAND STATE UNIVERSITY,0,1,50000,0,0,50000
Cobb,2014,SOUTHERN POLYTECHNIC APPLIED RESEARCH CORPORATION,0,1,50000,0,0,50000
College Station,2012,TEXAS A & M UNIVERSITY,0,1,50000,0,0,50000
College Station,2012,TEXAS A&M AGRILIFE RESEARCH,0,1,50000,0,0,50000
College Station,2013,TEXAS A&M ENGINEERING EXPERIMENT STATION,0,2,100000,0,0,100000
College Station,2014,TEXAS A&M ENGINEERING EXPERIMENT STATION,0,2,100000,0,0,100000
College Station,2015,TEXAS A&M ENGINEERING EXPERIMENT STATION,0,5,250000,0,0,250000
College Station,2016,TEXAS A & M UNIVERSITY,0,1,50000,0,0,50000
College Station,2016,TEXAS A&M AGRILIFE RESEARCH,0,2,100000,0,0,100000
College Station,2016,TEXAS A&M ENGINEERING EXPERIMENT STATION,0,4,200000,0,0,200000
College Station,2017,TEXAS A & M UNIVERSITY,0,2,100000,1,500000,600000
College Station,2017,TEXAS A&M ENGINEERING EXPERIMENT STATION,0,7,350000,0,0,350000
College Station,2018,TEXAS A&M ENGINEERING EXPERIMENT STATION,0,1,50000,0,0,50000
College Station,2019,TEXAS A & M UNIVERSITY,0,2,100000,0,0,100000
College Station,2019,TEXAS A&M ENGINEERING EXPERIMENT STATION,0,2,100000,0,0,100000
College Station,2020,TEXAS A & M UNIVERSITY,0,2,100000,0,0,100000
College Station,2020,TEXAS A&M ENGINEERING EXPERIMENT STATION,0,3,150000,0,0,150000
College Station,2021,TEXAS A & M UNIVERSITY,0,1,50000,0,0,50000
College Station,2021,TEXAS A&M ENGINEERING EXPERIMENT STATION,0,5,250000,0,0,250000
College Station,2022,TEXAS A&M AGRILIFE RESEARCH,0,1,50000,0,0,50000
College Station,2022,TEXAS A&M ENGINEERING EXPERIMENT STATION,0,1,50000,0,0,50000
Colorado Springs,2016,"REGENTS OF THE UNIVERSITY OF COLORADO, THE",0,1,50000,0,0,50000
Colorado Springs,2017,"REGENTS OF THE UNIVERSITY OF COLORADO, THE",0,1,50000,0,0,50000
Columbia,2012,SOUTH CAROLINA RESEARCH FOUNDATION,0,1,50000,0,0,50000
Columbia,2013,UNIVERSITY OF SOUTH CAROLINA,0,3,150000,0,0,150000
Columbia,2014,UNIVERSITY OF SOUTH CAROLINA,0,1,50000,0,0,50000
Columbia,2015,UNIVERSITY OF MISSOURI SYSTEM,0,2,100000,0,0,100000
Columbia,2016,UNIVERSITY OF MISSOURI SYSTEM,0,1,50000,1,299967,349967
Columbia,2016,UNIVERSITY OF SOUTH CAROLINA,0,1,50000,0,0,50000
Columbia,2017,UNIVERSITY OF MISSOURI SYSTEM,0,1,50000,0,0,50000
Columbia,2017,UNIVERSITY OF SOUTH CAROLINA,0,1,50000,1,500000,550000
Columbia,2019,UNIVERSITY OF MISSOURI SYSTEM,0,1,50000,0,0,50000
Columbia,2020,UNIVERSITY OF MISSOURI SYSTEM,0,2,66228,0,0,66228
Columbia,2020,UNIVERSITY OF SOUTH CAROLINA,0,1,50000,0,0,50000
Columbia,2021,UNIVERSITY OF SOUTH CAROLINA,0,1,50000,0,0,50000
Columbus,2012,"OHIO STATE UNIVERSITY, THE",0,1,50000,0,0,50000
Columbus,2014,"OHIO STATE UNIVERSITY, THE",0,1,50000,0,0,50000
Columbus,2016,"OHIO STATE UNIVERSITY, THE",0,1,50000,1,299997,349997
Columbus,2017,"OHIO STATE UNIVERSITY, THE",0,1,50000,0,0,50000
Commerce,2019,TEXAS A&M UNIVERSITY-COMMERCE,0,1,50000,0,0,50000
Cookeville,2013,TENNESSEE TECHNOLOGICAL UNIVERSITY,0,2,100000,0,0,100000
Cookeville,2016,TENNESSEE TECHNOLOGICAL UNIVERSITY,1,0,0,1,299868,299868
Cookeville,2018,TENNESSEE TECHNOLOGICAL UNIVERSITY,0,1,50000,0,0,50000
Corvallis,2012,OREGON STATE UNIVERSITY,0,1,50000,0,0,50000
Corvallis,2013,OREGON STATE UNIVERSITY,0,1,50000,0,0,50000
Corvallis,2014,OREGON STATE UNIVERSITY,0,1,50000,0,0,50000
Corvallis,2015,OREGON STATE UNIVERSITY,0,2,100000,1,300000,400000
Corvallis,2017,OREGON STATE UNIVERSITY,0,1,50000,0,0,50000
Corvallis,2018,OREGON STATE UNIVERSITY,0,3,150000,0,0,150000
Corvallis,2019,OREGON STATE UNIVERSITY,1,0,0,1,438440,438440
Corvallis,2020,OREGON STATE UNIVERSITY,0,3,150000,0,0,150000
Corvallis,2021,OREGON STATE UNIVERSITY,0,1,50000,0,0,50000
Dallas,2015,SOUTHERN METHODIST UNIVERSITY,0,1,50000,0,0,50000
Dallas,2018,"UNIVERSITY OF TEXAS SOUTHWESTERN MEDICAL CENTER, THE",0,1,50000,0,0,50000
Dallas,2020,SOUTHERN METHODIST UNIVERSITY,0,1,50000,0,0,50000
Davis,2011,"UNIVERSITY OF CALIFORNIA, DAVIS",0,1,50000,0,0,50000
Davis,2014,"UNIVERSITY OF CALIFORNIA, DAVIS",0,2,100000,0,0,100000
Davis,2015,"UNIVERSITY OF CALIFORNIA, DAVIS",0,1,50000,0,0,50000
Davis,2016,"UNIVERSITY OF CALIFORNIA, DAVIS",0,2,100000,0,0,100000
Davis,2018,"UNIVERSITY OF CALIFORNIA, DAVIS",0,1,50000,0,0,50000
Davis,2019,"UNIVERSITY OF CALIFORNIA, DAVIS",0,1,50000,0,0,50000
Davis,2021,"UNIVERSITY OF CALIFORNIA, DAVIS",0,4,200000,0,0,200000
Davis,2022,"UNIVERSITY OF CALIFORNIA, DAVIS",0,2,100000,0,0,100000
Dayton,2013,WRIGHT STATE UNIVERSITY,0,1,50000,0,0,50000
Daytona Beach,2019,"EMBRY-RIDDLE AERONAUTICAL UNIVERSITY, INC.",0,1,50000,0,0,50000
Daytona Beach,2022,"EMBRY-RIDDLE AERONAUTICAL UNIVERSITY, INC.",0,1,50000,0,0,50000
DeKalb,2015,NORTHERN ILLINOIS UNIVERSITY,0,1,50000,0,0,50000
Dearborn,2021,REGENTS OF THE UNIVERSITY OF MICHIGAN,0,1,50000,0,0,50000
Denton,2011,UNIVERSITY OF NORTH TEXAS,0,1,50000,0,0,50000
Denton,2014,UNIVERSITY OF NORTH TEXAS,0,1,50000,0,0,50000
Denton,2015,UNIVERSITY OF NORTH TEXAS,0,2,100000,0,0,100000
Denton,2016,UNIVERSITY OF NORTH TEXAS,0,1,50000,0,0,50000
Denton,2017,UNIVERSITY OF NORTH TEXAS,0,1,50000,0,0,50000
Denton,2020,TEXAS WOMAN'S UNIVERSITY,0,2,100000,0,0,100000
Denver,2014,COLORADO SEMINARY,0,2,100000,0,0,100000
Denver,2016,"REGENTS OF THE UNIVERSITY OF COLORADO, THE",0,1,50000,0,0,50000
Denver,2019,"REGENTS OF THE UNIVERSITY OF COLORADO, THE",0,1,50000,0,0,50000
Detroit,2016,WAYNE STATE UNIVERSITY,0,1,50000,0,0,50000
Detroit,2019,WAYNE STATE UNIVERSITY,0,1,50000,0,0,50000
Detroit,2020,WAYNE STATE UNIVERSITY,0,1,50000,0,0,50000
Detroit,2020,"JULIAN C. MADISON BUILDING LLC, THE",1,0,0,1,300000,300000
Detroit,2021,WAYNE STATE UNIVERSITY,0,2,100000,0,0,100000
Dover,2018,DELAWARE STATE UNIVERSITY,0,1,50000,0,0,50000
Duluth,2021,REGENTS OF THE UNIVERSITY OF MINNESOTA,0,1,50000,0,0,50000
Durham,2012,DUKE UNIVERSITY,0,1,50000,0,0,50000
Durham,2014,DUKE UNIVERSITY,0,1,50000,0,0,50000
Durham,2015,DUKE UNIVERSITY,0,1,50000,0,0,50000
Durham,2016,DUKE UNIVERSITY,0,1,50000,0,0,50000
Durham,2016,NORTH CAROLINA CENTRAL UNIVERSITY,0,1,50000,0,0,50000
Durham,2016,UNIVERSITY SYSTEM OF NEW HAMPSHIRE,1,0,0,1,273422,273422
Durham,2017,DUKE UNIVERSITY,0,1,50000,0,0,50000
Durham,2017,UNIVERSITY SYSTEM OF NEW HAMPSHIRE,0,1,50000,0,0,50000
East Baton Rouge Parish,2012,LOUISIANA STATE UNIVERSITY,0,1,50000,0,0,50000
East Baton Rouge Parish,2015,LOUISIANA STATE UNIVERSITY,0,1,50000,0,0,50000
East Baton Rouge Parish,2016,LOUISIANA STATE UNIVERSITY,1,0,0,1,300000,300000
East Baton Rouge Parish,2018,LOUISIANA STATE UNIVERSITY,0,1,50000,0,0,50000
East Baton Rouge Parish,2021,LOUISIANA STATE UNIVERSITY,0,2,100000,0,0,100000
East Lansing,2013,MICHIGAN STATE UNIVERSITY,0,1,50000,0,0,50000
East Lansing,2016,MICHIGAN STATE UNIVERSITY,0,1,50000,0,0,50000
East Lansing,2018,MICHIGAN STATE UNIVERSITY,0,1,50000,0,0,50000
East Lansing,2019,MICHIGAN STATE UNIVERSITY,0,1,50000,0,0,50000
Edinburg,2013,"UNIVERSITY OF TEXAS RIO GRANDE VALLEY, THE",0,1,50000,0,0,50000
Edinburg,2017,"UNIVERSITY OF TEXAS RIO GRANDE VALLEY, THE",1,0,0,1,499985,499985
Edinburg,2018,"UNIVERSITY OF TEXAS RIO GRANDE VALLEY, THE",0,1,50000,0,0,50000
Edinburg,2019,"UNIVERSITY OF TEXAS RIO GRANDE VALLEY, THE",0,1,50000,0,0,50000
Edmond,2020,UNIVERSITY OF CENTRAL OKLAHOMA,0,1,50000,0,0,50000
El Paso,2014,UNIVERSITY OF TEXAS AT EL PASO,0,1,50000,0,0,50000
El Paso,2015,UNIVERSITY OF TEXAS AT EL PASO,0,3,150000,0,0,150000
El Paso,2016,UNIVERSITY OF TEXAS AT EL PASO,0,3,150000,0,0,150000
El Paso,2018,UNIVERSITY OF TEXAS AT EL PASO,1,0,0,1,255000,255000
El Paso,2020,UNIVERSITY OF TEXAS AT EL PASO,0,1,50000,0,0,50000
El Paso,2021,UNIVERSITY OF TEXAS AT EL PASO,0,2,100000,0,0,100000
Eugene,2012,UNIVERSITY OF OREGON,0,1,50000,0,0,50000
Evanston,2014,NORTHWESTERN UNIVERSITY,0,2,100000,0,0,100000
Evanston,2015,NORTHWESTERN UNIVERSITY,0,4,200000,0,0,200000
Evanston,2016,NORTHWESTERN UNIVERSITY,0,1,50000,0,0,50000
Evanston,2017,NORTHWESTERN UNIVERSITY,0,2,76389,0,0,76389
Evanston,2021,NORTHWESTERN UNIVERSITY,0,1,50000,0,0,50000
Fairbanks North Star,2018,UNIVERSITY OF ALASKA FAIRBANKS,1,0,0,1,255000,255000
Fairbanks North Star,2019,UNIVERSITY OF ALASKA FAIRBANKS,0,1,50000,0,0,50000
Fairfax,2016,GEORGE MASON UNIVERSITY,0,1,50000,0,0,50000
Fairfax,2017,GEORGE MASON UNIVERSITY,0,2,100000,1,497807,597807
Fairfax,2019,GEORGE MASON UNIVERSITY,0,1,50000,0,0,50000
Fairfax,2020,GEORGE MASON UNIVERSITY,0,1,50000,0,0,50000
Fairfax,2021,GEORGE MASON UNIVERSITY,0,3,150000,0,0,150000
Fargo,2014,NORTH DAKOTA STATE UNIVERSITY,0,1,50000,0,0,50000
Fargo,2016,NORTH DAKOTA STATE UNIVERSITY,0,1,50000,0,0,50000
Farmington,2013,UNIVERSITY OF CONNECTICUT,0,1,50000,0,0,50000
Fayetteville,2011,UNIVERSITY OF ARKANSAS SYSTEM,0,1,50000,0,0,50000
Fayetteville,2012,UNIVERSITY OF ARKANSAS SYSTEM,0,1,50000,0,0,50000
Fayetteville,2015,UNIVERSITY OF ARKANSAS SYSTEM,0,1,50000,0,0,50000
Fayetteville,2017,UNIVERSITY OF ARKANSAS SYSTEM,0,1,50000,1,249792,299792
Fayetteville,2019,UNIVERSITY OF ARKANSAS SYSTEM,0,3,150000,0,0,150000
Fayetteville,2020,UNIVERSITY OF ARKANSAS SYSTEM,0,1,50000,0,0,50000
Fayetteville,2021,UNIVERSITY OF ARKANSAS SYSTEM,0,12,600000,0,0,600000
Fayetteville,2022,UNIVERSITY OF ARKANSAS SYSTEM,0,6,300000,0,0,300000
Flushing,2013,RESEARCH FOUNDATION OF THE CITY UNIVERSITY OF NEW YORK,0,1,50000,0,0,50000
Flushing,2015,RESEARCH FOUNDATION OF THE CITY UNIVERSITY OF NEW YORK,0,1,50000,0,0,50000
Flushing,2020,RESEARCH FOUNDATION OF THE CITY UNIVERSITY OF NEW YORK,0,1,50000,0,0,50000
Flushing,2022,RESEARCH FOUNDATION OF THE CITY UNIVERSITY OF NEW YORK,0,1,50000,0,0,50000
Fort Collins,2013,COLORADO STATE UNIVERSITY,0,1,50000,0,0,50000
Fort Collins,2014,COLORADO STATE UNIVERSITY,0,1,50000,0,0,50000
Fort Collins,2015,COLORADO STATE UNIVERSITY,0,2,100000,0,0,100000
Fort Collins,2016,COLORADO STATE UNIVERSITY,0,1,50000,0,0,50000
Fort Collins,2018,COLORADO STATE UNIVERSITY,0,1,50000,1,255000,305000
Fullerton,2014,CSU FULLERTON AUXILIARY SERVICES CORPORATION,0,1,50000,0,0,50000
Fullerton,2018,CSU FULLERTON AUXILIARY SERVICES CORPORATION,0,1,50000,0,0,50000
Fulton,2011,GEORGIA TECH RESEARCH CORPORATION,0,1,50000,0,0,50000
Fulton,2012,GEORGIA TECH RESEARCH CORPORATION,0,7,350000,1,1499307,1849307
Fulton,2013,GEORGIA TECH RESEARCH CORPORATION,0,4,200000,0,0,200000
Fulton,2014,GEORGIA TECH RESEARCH CORPORATION,0,8,400000,0,0,400000
Fulton,2015,GEORGIA TECH RESEARCH CORPORATION,0,10,500000,0,0,500000
Fulton,2016,GEORGIA TECH RESEARCH CORPORATION,0,11,509562,1,3450000,3959562
Fulton,2017,GEORGIA TECH RESEARCH CORPORATION,0,13,650000,1,498700,1148700
Fulton,2018,GEORGIA TECH RESEARCH CORPORATION,0,8,400000,0,0,400000
Fulton,2019,GEORGIA TECH RESEARCH CORPORATION,0,7,349750,0,0,349750
Fulton,2020,GEORGIA TECH RESEARCH CORPORATION,0,5,250000,0,0,250000
Fulton,2021,GEORGIA TECH RESEARCH CORPORATION,0,3,150000,0,0,150000
Fulton,2022,GEORGIA TECH RESEARCH CORPORATION,0,4,200000,0,0,200000
Gainesville,2012,UNIVERSITY OF FLORIDA,0,1,50000,0,0,50000
Gainesville,2014,UNIVERSITY OF FLORIDA,0,1,50000,0,0,50000
Gainesville,2015,UNIVERSITY OF FLORIDA,0,1,50000,0,0,50000
Gainesville,2017,UNIVERSITY OF FLORIDA,0,1,50000,0,0,50000
Gainesville,2018,UNIVERSITY OF FLORIDA,0,1,50000,0,0,50000
Gainesville,2021,UNIVERSITY OF FLORIDA,0,1,50000,0,0,50000
Geneseo,2018,"RESEARCH FOUNDATION FOR THE STATE UNIVERSITY OF NEW YORK, THE",0,1,50000,0,0,50000
Glassboro,2017,ROWAN UNIVERSITY,0,1,50000,0,0,50000
Glassboro,2018,ROWAN UNIVERSITY,0,3,150000,0,0,150000
Glassboro,2019,ROWAN UNIVERSITY,0,1,50000,0,0,50000
Glassboro,2020,ROWAN UNIVERSITY,0,4,200000,0,0,200000
Golden,2012,TRUSTEES OF THE COLORADO SCHOOL OF MINES,0,1,50000,0,0,50000
Grand Forks,2013,UNIVERSITY OF NORTH DAKOTA,0,1,50000,0,0,50000
Grand Forks,2015,UNIVERSITY OF NORTH DAKOTA,0,1,50000,0,0,50000
Grand Forks,2017,UNIVERSITY OF NORTH DAKOTA,0,1,50000,0,0,50000
Grand Forks,2022,UNIVERSITY OF NORTH DAKOTA,0,2,100000,0,0,100000
Greensboro,2012,NORTH CAROLINA AGRICULTURAL AND TECHNICAL STATE UNIVERSITY,0,1,50000,0,0,50000
Greensboro,2016,UNIVERSITY OF NORTH CAROLINA AT GREENSBORO,0,1,49468,0,0,49468
Greensboro,2017,UNIVERSITY OF NORTH CAROLINA AT GREENSBORO,1,0,0,1,499950,499950
Greensboro,2018,UNIVERSITY OF NORTH CAROLINA AT GREENSBORO,0,1,50000,0,0,50000
Greensboro,2018,NORTH CAROLINA AGRICULTURAL AND TECHNICAL STATE UNIVERSITY,1,0,0,1,499807,499807
Greensboro,2019,NORTH CAROLINA AGRICULTURAL AND TECHNICAL STATE UNIVERSITY,0,2,100000,0,0,100000
Greensboro,2019,UNIVERSITY OF NORTH CAROLINA AT GREENSBORO,0,1,50000,0,0,50000
Greensboro,2020,NORTH CAROLINA AGRICULTURAL AND TECHNICAL STATE UNIVERSITY,0,2,100000,1,199997,299997
Greensboro,2021,NORTH CAROLINA AGRICULTURAL AND TECHNICAL STATE UNIVERSITY,0,1,50000,0,0,50000
Greensboro,2021,UNIVERSITY OF NORTH CAROLINA AT GREENSBORO,0,2,100000,0,0,100000
Greensboro,2022,NORTH CAROLINA AGRICULTURAL AND TECHNICAL STATE UNIVERSITY,0,1,50000,0,0,50000
Greenville,2017,EAST CAROLINA UNIVERSITY,1,0,0,1,500000,500000
Greenville,2020,EAST CAROLINA UNIVERSITY,0,1,50000,0,0,50000
Greenville,2021,EAST CAROLINA UNIVERSITY,0,1,50000,0,0,50000
Hadley,2012,"NATIONAL COLLEGIATE INVENTORS & INNOVATORS ALLIANCE, INC.",1,0,0,3,998235,998235
Hadley,2013,"NATIONAL COLLEGIATE INVENTORS & INNOVATORS ALLIANCE, INC.",1,0,0,2,5191101,5191101
Hadley,2014,"NATIONAL COLLEGIATE INVENTORS & INNOVATORS ALLIANCE, INC.",1,0,0,1,299990,299990
Hadley,2015,"NATIONAL COLLEGIATE INVENTORS & INNOVATORS ALLIANCE, INC.",1,0,0,1,300000,300000
Hadley,2017,"NATIONAL COLLEGIATE INVENTORS & INNOVATORS ALLIANCE, INC.",1,0,0,3,5231463,5231463
Hadley,2018,"NATIONAL COLLEGIATE INVENTORS & INNOVATORS ALLIANCE, INC.",1,0,0,1,6821790,6821790
Hadley,2020,"NATIONAL COLLEGIATE INVENTORS & INNOVATORS ALLIANCE, INC.",1,0,0,1,7335539,7335539
Hampshire,2012,UNIVERSITY OF MASSACHUSETTS,0,1,50000,0,0,50000
Hampshire,2013,UNIVERSITY OF MASSACHUSETTS,0,2,100000,0,0,100000
Hampshire,2014,UNIVERSITY OF MASSACHUSETTS,0,1,50000,0,0,50000
Hampshire,2015,UNIVERSITY OF MASSACHUSETTS,0,3,150000,0,0,150000
Hampshire,2016,UNIVERSITY OF MASSACHUSETTS,0,2,100000,0,0,100000
Hampshire,2017,UNIVERSITY OF MASSACHUSETTS,0,3,150000,1,499849,649849
Hampshire,2020,UNIVERSITY OF MASSACHUSETTS,0,1,50000,0,0,50000
Hampshire,2022,UNIVERSITY OF MASSACHUSETTS,0,1,50000,0,0,50000
Hanover,2013,TRUSTEES OF DARTMOUTH COLLEGE,0,1,50000,0,0,50000
Hanover,2016,TRUSTEES OF DARTMOUTH COLLEGE,1,0,0,1,200000,200000
Hanover,2018,TRUSTEES OF DARTMOUTH COLLEGE,0,1,50000,0,0,50000
Hanover,2021,TRUSTEES OF DARTMOUTH COLLEGE,0,1,50000,0,0,50000
Harris,2013,UNIVERSITY OF HOUSTON SYSTEM,0,1,50000,0,0,50000
Harris,2014,UNIVERSITY OF HOUSTON SYSTEM,0,2,100000,0,0,100000
Harris,2015,UNIVERSITY OF HOUSTON SYSTEM,0,5,250000,1,299853,549853
Harris,2016,UNIVERSITY OF HOUSTON SYSTEM,0,4,200000,0,0,200000
Harris,2017,UNIVERSITY OF HOUSTON SYSTEM,0,2,100000,0,0,100000
Harris,2018,UNIVERSITY OF HOUSTON SYSTEM,0,4,200000,0,0,200000
Harrisburg,2014,"HARRISBURG UNIVERSITY OF SCIENCE AND TECHNOLOGY, THE",0,1,50000,0,0,50000
Hattiesburg,2016,"UNIVERSITY OF SOUTHERN MISSISSIPPI, THE",0,1,50000,0,0,50000
Hattiesburg,2022,"UNIVERSITY OF SOUTHERN MISSISSIPPI, THE",0,1,50000,0,0,50000
Highlands,2015,EIDOS EDUCATION A NJ NONPROFIT CORPORATION,0,1,50000,0,0,50000
Hoboken,2012,STEVENS INSTITUTE OF TECHNOLOGY (INC),0,1,50000,0,0,50000
Hoboken,2013,STEVENS INSTITUTE OF TECHNOLOGY (INC),0,1,50000,0,0,50000
Hoboken,2014,STEVENS INSTITUTE OF TECHNOLOGY (INC),0,1,50000,0,0,50000
Hoboken,2015,STEVENS INSTITUTE OF TECHNOLOGY (INC),0,2,100000,0,0,100000
Hoboken,2016,STEVENS INSTITUTE OF TECHNOLOGY (INC),0,1,50000,0,0,50000
Hoboken,2017,STEVENS INSTITUTE OF TECHNOLOGY (INC),0,1,50000,0,0,50000
Hoboken,2018,STEVENS INSTITUTE OF TECHNOLOGY (INC),0,1,50000,0,0,50000
Hoboken,2019,STEVENS INSTITUTE OF TECHNOLOGY (INC),0,2,100000,0,0,100000
Holland,2015,HOPE COLLEGE,0,1,50000,0,0,50000
Homestead,2015,ALLEGHENY INTERMEDIATE UNIT 3,0,1,50000,0,0,50000
Honolulu,2013,UNIVERSITY OF HAWAII SYSTEMS,0,1,50000,0,0,50000
Honolulu,2014,UNIVERSITY OF HAWAII SYSTEMS,0,1,50000,0,0,50000
Honolulu,2015,UNIVERSITY OF HAWAII SYSTEMS,0,1,50000,0,0,50000
Honolulu,2016,UNIVERSITY OF HAWAII SYSTEMS,0,1,50000,0,0,50000
Honolulu,2020,UNIVERSITY OF HAWAII SYSTEMS,0,1,50000,0,0,50000
Honolulu,2021,UNIVERSITY OF HAWAII SYSTEMS,0,1,50000,0,0,50000
Houghton,2012,MICHIGAN TECHNOLOGICAL UNIVERSITY,0,1,50000,0,0,50000
Houghton,2013,MICHIGAN TECHNOLOGICAL UNIVERSITY,0,3,150000,0,0,150000
Houghton,2014,MICHIGAN TECHNOLOGICAL UNIVERSITY,0,1,50000,0,0,50000
Houghton,2015,MICHIGAN TECHNOLOGICAL UNIVERSITY,1,0,0,1,293026,293026
Houghton,2016,MICHIGAN TECHNOLOGICAL UNIVERSITY,0,1,50000,0,0,50000
Houghton,2017,MICHIGAN TECHNOLOGICAL UNIVERSITY,0,3,150000,0,0,150000
Houghton,2018,MICHIGAN TECHNOLOGICAL UNIVERSITY,0,1,50000,1,160000,210000
Houghton,2020,MICHIGAN TECHNOLOGICAL UNIVERSITY,0,1,50000,0,0,50000
Houghton,2021,MICHIGAN TECHNOLOGICAL UNIVERSITY,0,2,100000,0,0,100000
Houston,2014,WILLIAM MARSH RICE UNIVERSITY,0,2,100000,0,0,100000
Houston,2016,"UNIVERSITY OF TEXAS HEALTH SCIENCE CENTER AT HOUSTON, THE",0,2,100000,0,0,100000
Houston,2016,"UNIVERSITY OF TEXAS M. D. ANDERSON CANCER CENTER, THE",0,1,50000,0,0,50000
Houston,2016,WILLIAM MARSH RICE UNIVERSITY,0,2,100000,0,0,100000
Houston,2017,BAYLOR COLLEGE OF MEDICINE,0,2,100000,0,0,100000
Houston,2017,WILLIAM MARSH RICE UNIVERSITY,0,4,200000,0,0,200000
Houston,2018,"UNIVERSITY OF TEXAS M. D. ANDERSON CANCER CENTER, THE",0,1,50000,0,0,50000
Houston,2018,WILLIAM MARSH RICE UNIVERSITY,0,1,50000,0,0,50000
Houston,2021,WILLIAM MARSH RICE UNIVERSITY,0,1,50000,0,0,50000
Houston,2022,BAYLOR COLLEGE OF MEDICINE,0,1,50000,0,0,50000
Houston,2022,WILLIAM MARSH RICE UNIVERSITY,0,1,50000,0,0,50000
Iowa City,2015,"UNIVERSITY OF IOWA, THE",0,1,50000,1,299991,349991
Iowa City,2016,"UNIVERSITY OF IOWA, THE",0,3,150000,0,0,150000
Iowa City,2020,"UNIVERSITY OF IOWA, THE",0,2,100000,0,0,100000
Iowa City,2022,"UNIVERSITY OF IOWA, THE",0,1,50000,0,0,50000
Irvine,2012,"UNIVERSITY OF CALIFORNIA, IRVINE",0,1,50000,0,0,50000
Irvine,2013,"UNIVERSITY OF CALIFORNIA, IRVINE",0,1,50000,0,0,50000
Irvine,2014,"UNIVERSITY OF CALIFORNIA, IRVINE",0,2,100000,0,0,100000
Irvine,2015,"UNIVERSITY OF CALIFORNIA, IRVINE",0,1,50000,0,0,50000
Irvine,2016,"UNIVERSITY OF CALIFORNIA, IRVINE",0,1,50000,0,0,50000
Irvine,2017,"UNIVERSITY OF CALIFORNIA, IRVINE",0,2,100000,1,499980,599980
Irvine,2018,"UNIVERSITY OF CALIFORNIA, IRVINE",0,2,100000,0,0,100000
Ithaca,2013,CORNELL UNIVERSITY,0,1,50000,0,0,50000
Ithaca,2014,CORNELL UNIVERSITY,0,1,50000,0,0,50000
Ithaca,2015,CORNELL UNIVERSITY,0,1,50000,0,0,50000
Ithaca,2016,CORNELL UNIVERSITY,1,0,0,1,4200000,4200000
Ithaca,2017,CORNELL UNIVERSITY,0,2,100000,1,500000,600000
Ithaca,2018,CORNELL UNIVERSITY,0,6,300000,0,0,300000
Ithaca,2019,CORNELL UNIVERSITY,0,9,450000,0,0,450000
Ithaca,2019,ITHACA COLLEGE,0,1,50000,0,0,50000
Ithaca,2020,CORNELL UNIVERSITY,0,10,500000,0,0,500000
Ithaca,2021,CORNELL UNIVERSITY,0,1,50000,0,0,50000
Ithaca,2022,CORNELL UNIVERSITY,0,3,150000,0,0,150000
Jackson,2012,UNIVERSITY OF MISSISSIPPI MEDICAL CENTER,0,1,50000,0,0,50000
Jackson,2015,JACKSON STATE UNIVERSITY,0,2,100000,0,0,100000
Jackson,2016,JACKSON STATE UNIVERSITY,1,0,0,1,300000,300000
Jackson,2020,JACKSON STATE UNIVERSITY,1,0,0,1,299999,299999
Jackson,2021,JACKSON STATE UNIVERSITY,1,0,0,1,300000,300000
Jamaica,2015,RESEARCH FOUNDATION OF THE CITY UNIVERSITY OF NEW YORK,0,1,50000,0,0,50000
Johnson City,2018,EAST TENNESSEE STATE UNIVERSITY,0,1,50000,0,0,50000
Kalamazoo,2012,WESTERN MICHIGAN UNIVERSITY,0,1,50000,0,0,50000
Kalamazoo,2016,WESTERN MICHIGAN UNIVERSITY,0,2,100000,0,0,100000
Kalamazoo,2017,WESTERN MICHIGAN UNIVERSITY,0,1,50000,0,0,50000
Kalamazoo,2019,WESTERN MICHIGAN UNIVERSITY,0,2,100000,0,0,100000
Kalamazoo,2020,WESTERN MICHIGAN UNIVERSITY,0,2,100000,0,0,100000
Kalamazoo,2022,WESTERN MICHIGAN UNIVERSITY,0,1,49997,0,0,49997
Kansas City,2016,UNIVERSITY OF MISSOURI SYSTEM,0,2,100000,0,0,100000
Kansas City,2018,UNIVERSITY OF MISSOURI SYSTEM,0,2,100000,0,0,100000
Kansas City,2019,UNIVERSITY OF MISSOURI SYSTEM,0,1,50000,0,0,50000
Kingston,2011,UNIVERSITY OF RHODE ISLAND,0,1,50000,0,0,50000
Kingston,2016,UNIVERSITY OF RHODE ISLAND,0,1,50000,0,0,50000
Knoxville,2019,UNIVERSITY OF TENNESSEE,0,1,50000,0,0,50000
Knoxville,2022,UNIVERSITY OF TENNESSEE,0,1,50000,0,0,50000
La Jolla,2012,"UNIVERSITY OF CALIFORNIA, SAN DIEGO",0,1,50000,0,0,50000
La Jolla,2013,"UNIVERSITY OF CALIFORNIA, SAN DIEGO",0,2,100000,1,300000,400000
La Jolla,2014,"UNIVERSITY OF CALIFORNIA, SAN DIEGO",0,2,100000,0,0,100000
La Jolla,2015,"UNIVERSITY OF CALIFORNIA, SAN DIEGO",0,6,300000,0,0,300000
La Jolla,2016,"UNIVERSITY OF CALIFORNIA, SAN DIEGO",0,1,50000,0,0,50000
La Jolla,2017,"UNIVERSITY OF CALIFORNIA, SAN DIEGO",1,0,0,1,300000,300000
La Jolla,2019,"UNIVERSITY OF CALIFORNIA, SAN DIEGO",0,1,50000,0,0,50000
La Jolla,2020,"UNIVERSITY OF CALIFORNIA, SAN DIEGO",0,1,50000,0,0,50000
La Jolla,2021,"UNIVERSITY OF CALIFORNIA, SAN DIEGO",0,5,250000,0,0,250000
La Jolla,2022,"UNIVERSITY OF CALIFORNIA, SAN DIEGO",0,1,50000,0,0,50000
Lafayette,2016,UNIVERSITY OF LOUISIANA AT LAFAYETTE,0,1,50000,0,0,50000
Lafayette,2021,UNIVERSITY OF LOUISIANA AT LAFAYETTE,0,1,50000,0,0,50000
Laramie,2018,UNIVERSITY OF WYOMING,0,1,50000,0,0,50000
Laramie,2019,UNIVERSITY OF WYOMING,0,1,50000,0,0,50000
Las Cruces,2013,NEW MEXICO STATE UNIVERSITY,0,1,50000,0,0,50000
Las Cruces,2014,NEW MEXICO STATE UNIVERSITY,0,1,50000,0,0,50000
Las Cruces,2015,NEW MEXICO STATE UNIVERSITY,0,4,200000,0,0,200000
Las Cruces,2016,NEW MEXICO STATE UNIVERSITY,0,3,150000,1,300000,450000
Las Cruces,2017,NEW MEXICO STATE UNIVERSITY,0,1,50000,0,0,50000
Las Cruces,2018,NEW MEXICO STATE UNIVERSITY,0,2,100000,0,0,100000
Las Cruces,2019,NEW MEXICO STATE UNIVERSITY,0,3,150000,0,0,150000
Las Cruces,2021,NEW MEXICO STATE UNIVERSITY,0,1,50000,0,0,50000
Las Vegas,2016,BOARD OF REGENTS NEVADA SYSTEM OF HIGHER EDUCATION,1,0,0,1,255680,255680
Las Vegas,2017,BOARD OF REGENTS NEVADA SYSTEM OF HIGHER EDUCATION,0,1,50000,0,0,50000
Las Vegas,2018,BOARD OF REGENTS NEVADA SYSTEM OF HIGHER EDUCATION,0,1,50000,1,162498,212498
Lawrence,2012,"UNIVERSITY OF KANSAS CENTER FOR RESEARCH, INC.",0,1,50000,0,0,50000
Lawrence,2021,"UNIVERSITY OF KANSAS CENTER FOR RESEARCH, INC.",0,1,50000,0,0,50000
Lewisburg,2016,BUCKNELL UNIVERSITY,0,1,50000,0,0,50000
Lewisburg,2017,BUCKNELL UNIVERSITY,0,1,50000,0,0,50000
Lexington,2012,"UNIVERSITY OF KENTUCKY RESEARCH FOUNDATION, THE",0,1,50000,0,0,50000
Lexington,2014,"UNIVERSITY OF KENTUCKY RESEARCH FOUNDATION, THE",0,2,100000,0,0,100000
Lexington,2016,"UNIVERSITY OF KENTUCKY RESEARCH FOUNDATION, THE",0,2,100000,0,0,100000
Lexington,2017,"UNIVERSITY OF KENTUCKY RESEARCH FOUNDATION, THE",0,1,50000,0,0,50000
Lexington,2020,"UNIVERSITY OF KENTUCKY RESEARCH FOUNDATION, THE",0,1,50000,0,0,50000
Lexington,2021,"UNIVERSITY OF KENTUCKY RESEARCH FOUNDATION, THE",0,1,50000,0,0,50000
Lincoln,2011,BOARD OF REGENTS OF THE UNIVERSITY OF NEBRASKA,0,1,50000,0,0,50000
Lincoln,2012,BOARD OF REGENTS OF THE UNIVERSITY OF NEBRASKA,0,1,50000,0,0,50000
Lincoln,2021,BOARD OF REGENTS OF THE UNIVERSITY OF NEBRASKA,0,3,150000,0,0,150000
Little Rock,2014,UNIVERSITY OF ARKANSAS SYSTEM,0,1,50000,0,0,50000
Little Rock,2022,UNIVERSITY OF ARKANSAS SYSTEM,0,4,200000,0,0,200000
Logan,2014,UTAH STATE UNIVERSITY,0,1,50000,0,0,50000
Logan,2016,UTAH STATE UNIVERSITY,0,1,50000,0,0,50000
Los Angeles,2011,"UNIVERSITY OF CALIFORNIA, LOS ANGELES",0,1,50000,0,0,50000
Los Angeles,2011,UNIVERSITY OF SOUTHERN CALIFORNIA,0,1,50000,0,0,50000
Los Angeles,2013,"UNIVERSITY OF CALIFORNIA, LOS ANGELES",0,1,50000,0,0,50000
Los Angeles,2013,UNIVERSITY OF SOUTHERN CALIFORNIA,0,1,50000,0,0,50000
Los Angeles,2014,"UNIVERSITY OF CALIFORNIA, LOS ANGELES",1,0,0,1,299999,299999
Los Angeles,2014,UNIVERSITY OF SOUTHERN CALIFORNIA,1,0,0,2,3870787,3870787
Los Angeles,2015,UNIVERSITY OF SOUTHERN CALIFORNIA,0,1,50000,0,0,50000
Los Angeles,2015,"UNIVERSITY OF CALIFORNIA, LOS ANGELES",1,0,0,1,300000,300000
Los Angeles,2016,"CAL STATE L.A. UNIVERSITY AUXILIARY SERVICES, INC.",0,2,100000,0,0,100000
Los Angeles,2016,CHILDRENS HOSPITAL LOS ANGELES,0,1,50000,0,0,50000
Los Angeles,2016,"UNIVERSITY OF CALIFORNIA, LOS ANGELES",0,2,100000,0,0,100000
Los Angeles,2016,UNIVERSITY OF SOUTHERN CALIFORNIA,0,7,350000,0,0,350000
Los Angeles,2017,"UNIVERSITY OF CALIFORNIA, LOS ANGELES",0,3,150000,0,0,150000
Los Angeles,2017,UNIVERSITY OF SOUTHERN CALIFORNIA,0,1,50000,1,3450000,3500000
Los Angeles,2018,"CAL STATE L.A. UNIVERSITY AUXILIARY SERVICES, INC.",0,1,50000,0,0,50000
Los Angeles,2018,"UNIVERSITY OF CALIFORNIA, LOS ANGELES",0,1,50000,0,0,50000
Los Angeles,2018,UNIVERSITY OF SOUTHERN CALIFORNIA,0,1,50000,0,0,50000
Los Angeles,2019,"UNIVERSITY OF CALIFORNIA, LOS ANGELES",0,1,50000,0,0,50000
Los Angeles,2019,UNIVERSITY OF SOUTHERN CALIFORNIA,0,2,100000,0,0,100000
Los Angeles,2020,"UNIVERSITY OF CALIFORNIA, LOS ANGELES",0,3,150000,0,0,150000
Los Angeles,2021,"CAL STATE L.A. UNIVERSITY AUXILIARY SERVICES, INC.",0,1,50000,0,0,50000
Los Angeles,2021,"UNIVERSITY OF CALIFORNIA, LOS ANGELES",0,2,100000,0,0,100000
Los Angeles,2021,UNIVERSITY OF SOUTHERN CALIFORNIA,1,0,0,1,15000000,15000000
Louisville,2015,UNIVERSITY OF LOUISVILLE,1,0,0,1,299998,299998
Louisville,2016,UNIVERSITY OF LOUISVILLE,0,2,100000,0,0,100000
Louisville,2018,UNIVERSITY OF LOUISVILLE,0,1,50000,1,160000,210000
Louisville,2020,UNIVERSITY OF LOUISVILLE,0,2,100000,0,0,100000
Lowell,2012,UNIVERSITY OF MASSACHUSETTS,0,1,50000,0,0,50000
Lowell,2014,UNIVERSITY OF MASSACHUSETTS,0,2,100000,0,0,100000
Lowell,2015,UNIVERSITY OF MASSACHUSETTS,0,2,100000,0,0,100000
Lowell,2016,UNIVERSITY OF MASSACHUSETTS,0,2,100000,0,0,100000
Lowell,2017,UNIVERSITY OF MASSACHUSETTS,0,1,50000,0,0,50000
Lowell,2018,UNIVERSITY OF MASSACHUSETTS,0,2,100000,1,255000,355000
Lowell,2019,UNIVERSITY OF MASSACHUSETTS,0,2,100000,0,0,100000
Lowell,2021,UNIVERSITY OF MASSACHUSETTS,0,1,50000,0,0,50000
Lubbock,2013,TEXAS TECH UNIVERSITY SYSTEM,0,1,50000,0,0,50000
Lubbock,2014,TEXAS TECH UNIVERSITY SYSTEM,0,2,100000,0,0,100000
Lubbock,2015,TEXAS TECH UNIVERSITY SYSTEM,0,2,100000,0,0,100000
Lubbock,2016,TEXAS TECH UNIVERSITY SYSTEM,0,2,100000,0,0,100000
Lubbock,2017,TEXAS TECH UNIVERSITY HEALTH SCIENCES CENTER,0,1,50000,0,0,50000
Lubbock,2017,TEXAS TECH UNIVERSITY SYSTEM,0,2,100000,0,0,100000
Lubbock,2018,TEXAS TECH UNIVERSITY HEALTH SCIENCES CENTER,0,3,150000,0,0,150000
Lubbock,2018,TEXAS TECH UNIVERSITY SYSTEM,0,5,250000,1,254994,504994
Lubbock,2019,TEXAS TECH UNIVERSITY HEALTH SCIENCES CENTER,0,2,100000,0,0,100000
Lubbock,2019,TEXAS TECH UNIVERSITY SYSTEM,0,5,250000,0,0,250000
Lubbock,2020,TEXAS TECH UNIVERSITY SYSTEM,0,6,300000,0,0,300000
Lubbock,2021,TEXAS TECH UNIVERSITY HEALTH SCIENCES CENTER,0,1,50000,0,0,50000
Lubbock,2021,TEXAS TECH UNIVERSITY SYSTEM,0,5,250000,0,0,250000
Lubbock,2022,TEXAS TECH UNIVERSITY HEALTH SCIENCES CENTER,0,1,50000,0,0,50000
Lubbock,2022,TEXAS TECH UNIVERSITY SYSTEM,0,5,250000,0,0,250000
Madison,2012,UNIVERSITY OF WISCONSIN SYSTEM,0,2,100000,0,0,100000
Madison,2013,UNIVERSITY OF WISCONSIN SYSTEM,0,1,50000,0,0,50000
Madison,2014,UNIVERSITY OF WISCONSIN SYSTEM,0,1,50000,0,0,50000
Madison,2015,SOUTHERN ILLINOIS UNIVERSITY,0,1,50000,0,0,50000
Madison,2017,UNIVERSITY OF WISCONSIN SYSTEM,0,2,100000,0,0,100000
Madison,2018,UNIVERSITY OF WISCONSIN SYSTEM,0,1,50000,1,160000,210000
Madison,2019,UNIVERSITY OF WISCONSIN SYSTEM,0,2,100000,0,0,100000
Madison,2020,UNIVERSITY OF WISCONSIN SYSTEM,0,3,150000,0,0,150000
Madison,2021,UNIVERSITY OF WISCONSIN SYSTEM,0,2,100000,0,0,100000
Madison,2022,UNIVERSITY OF WISCONSIN SYSTEM,0,1,50000,0,0,50000
Manhattan,2013,KANSAS STATE UNIVERSITY,0,1,50000,0,0,50000
Manhattan,2015,KANSAS STATE UNIVERSITY,0,2,100000,0,0,100000
Manhattan,2016,KANSAS STATE UNIVERSITY,0,1,50000,0,0,50000
Marquette,2016,NORTHERN MICHIGAN UNIVERSITY,0,1,50000,0,0,50000
Mayaguez,2016,UNIVERSITY OF PUERTO RICO,0,3,150000,0,0,150000
Mayaguez,2018,UNIVERSITY OF PUERTO RICO,1,0,0,1,255000,255000
Mayaguez,2020,UNIVERSITY OF PUERTO RICO,0,1,50000,0,0,50000
Melbourne,2013,"FLORIDA INSTITUTE OF TECHNOLOGY, INC.",0,1,50000,0,0,50000
Melbourne,2015,"FLORIDA INSTITUTE OF TECHNOLOGY, INC.",0,1,50000,0,0,50000
Melbourne,2016,"FLORIDA INSTITUTE OF TECHNOLOGY, INC.",0,2,100000,0,0,100000
Mequon,2019,"CONCORDIA UNIVERSITY WISCONSIN, INC.",0,1,50000,0,0,50000
Merced,2017,"UNIVERSITY OF CALIFORNIA, MERCED",1,0,0,1,400000,400000
Merced,2018,"UNIVERSITY OF CALIFORNIA, MERCED",0,2,100000,0,0,100000
Merced,2022,"UNIVERSITY OF CALIFORNIA, MERCED",0,1,50000,0,0,50000
Miami,2014,FLORIDA INTERNATIONAL UNIVERSITY,0,2,100000,0,0,100000
Miami,2015,FLORIDA INTERNATIONAL UNIVERSITY,0,2,100000,0,0,100000
Miami,2016,FLORIDA INTERNATIONAL UNIVERSITY,0,2,100000,0,0,100000
Miami,2017,FLORIDA INTERNATIONAL UNIVERSITY,0,1,50000,0,0,50000
Miami,2018,FLORIDA INTERNATIONAL UNIVERSITY,0,1,50000,0,0,50000
Miami,2019,FLORIDA INTERNATIONAL UNIVERSITY,0,1,50000,0,0,50000
Miami,2020,FLORIDA INTERNATIONAL UNIVERSITY,0,4,200000,0,0,200000
Miami,2021,FLORIDA INTERNATIONAL UNIVERSITY,0,11,550000,0,0,550000
Miami,2022,FLORIDA INTERNATIONAL UNIVERSITY,0,2,100000,0,0,100000
Milwaukee,2012,UNIVERSITY OF WISCONSIN SYSTEM,0,1,50000,0,0,50000
Milwaukee,2014,MARQUETTE UNIVERSITY,0,1,50000,0,0,50000
Milwaukee,2015,UNIVERSITY OF WISCONSIN SYSTEM,0,1,50000,1,298557,348557
Milwaukee,2016,MARQUETTE UNIVERSITY,0,1,50000,0,0,50000
Milwaukee,2016,MILWAUKEE SCHOOL OF ENGINEERING,0,1,50000,0,0,50000
Milwaukee,2016,UNIVERSITY OF WISCONSIN SYSTEM,0,3,150000,0,0,150000
Milwaukee,2017,UNIVERSITY OF WISCONSIN SYSTEM,0,1,50000,0,0,50000
Milwaukee,2018,UNIVERSITY OF WISCONSIN SYSTEM,0,1,50000,0,0,50000
Milwaukee,2020,UNIVERSITY OF WISCONSIN SYSTEM,0,1,50000,0,0,50000
Milwaukee,2021,MARQUETTE UNIVERSITY,0,1,50000,0,0,50000
Milwaukee,2022,MARQUETTE UNIVERSITY,0,1,50000,0,0,50000
Minneapolis,2012,REGENTS OF THE UNIVERSITY OF MINNESOTA,0,1,50000,0,0,50000
Minneapolis,2014,REGENTS OF THE UNIVERSITY OF MINNESOTA,1,0,0,1,300000,300000
Minneapolis,2015,REGENTS OF THE UNIVERSITY OF MINNESOTA,0,1,50000,0,0,50000
Minneapolis,2016,REGENTS OF THE UNIVERSITY OF MINNESOTA,0,1,50000,0,0,50000
Minneapolis,2017,REGENTS OF THE UNIVERSITY OF MINNESOTA,0,6,300000,0,0,300000
Minneapolis,2018,REGENTS OF THE UNIVERSITY OF MINNESOTA,0,5,250000,1,160000,410000
Minneapolis,2019,REGENTS OF THE UNIVERSITY OF MINNESOTA,0,6,300000,0,0,300000
Minneapolis,2020,REGENTS OF THE UNIVERSITY OF MINNESOTA,0,4,200000,0,0,200000
Minneapolis,2021,REGENTS OF THE UNIVERSITY OF MINNESOTA,0,5,250000,0,0,250000
Minneapolis,2022,REGENTS OF THE UNIVERSITY OF MINNESOTA,0,1,50000,0,0,50000
Missoula,2017,UNIVERSITY OF MONTANA,0,1,50000,0,0,50000
Missoula,2018,UNIVERSITY OF MONTANA,1,0,0,1,218000,218000
Missoula,2020,UNIVERSITY OF MONTANA,0,1,50000,0,0,50000
Mobile,2017,UNIVERSITY OF SOUTH ALABAMA,0,1,50000,1,477745,527745
Montclair,2021,"RONIN INSTITUTE FOR INDEPENDENT SCHOLARSHIP, INCORPORATED, THE",0,1,50000,0,0,50000
Monterey,2015,MONTEREY PENINSULA COMMUNITY COLLEGE DISTRICT (INC),0,1,50000,0,0,50000
Montgomery,2014,URSINUS COLLEGE,0,1,50000,0,0,50000
Morris,2013,REGENTS OF THE UNIVERSITY OF MINNESOTA,0,1,50000,0,0,50000
Mount Berry,2020,"BERRY COLLEGE, INC.",1,0,0,1,294996,294996
Murfreesboro,2015,MIDDLE TENNESSEE STATE UNIVERSITY,0,1,50000,0,0,50000
Murfreesboro,2016,MIDDLE TENNESSEE STATE UNIVERSITY,0,1,50000,0,0,50000
Nashville,2013,"VANDERBILT UNIVERSITY, THE",0,1,50000,0,0,50000
Nashville,2014,"VANDERBILT UNIVERSITY, THE",0,4,200000,0,0,200000
Nashville,2015,"VANDERBILT UNIVERSITY, THE",0,1,50000,0,0,50000
Nashville,2016,"VANDERBILT UNIVERSITY, THE",0,1,50000,0,0,50000
Nashville,2017,"VANDERBILT UNIVERSITY, THE",1,0,0,1,499680,499680
Nashville,2018,"VANDERBILT UNIVERSITY, THE",0,8,400000,0,0,400000
Nashville,2019,VANDERBILT UNIVERSITY MEDICAL CENTER,0,1,50000,0,0,50000
Nashville,2019,"VANDERBILT UNIVERSITY, THE",0,4,200000,0,0,200000
Nashville,2020,"VANDERBILT UNIVERSITY, THE",0,5,250000,0,0,250000
Nashville,2021,VANDERBILT UNIVERSITY MEDICAL CENTER,0,1,50000,0,0,50000
Nashville,2021,"VANDERBILT UNIVERSITY, THE",0,4,200000,0,0,200000
Nashville,2022,"VANDERBILT UNIVERSITY, THE",0,1,50000,0,0,50000
New Brunswick,2012,"RUTGERS, THE STATE UNIVERSITY OF NEW JERSEY",0,1,50000,0,0,50000
New Brunswick,2013,"RUTGERS, THE STATE UNIVERSITY OF NEW JERSEY",0,2,100000,0,0,100000
New Brunswick,2014,"RUTGERS, THE STATE UNIVERSITY OF NEW JERSEY",0,2,100000,0,0,100000
New Brunswick,2015,"RUTGERS, THE STATE UNIVERSITY OF NEW JERSEY",0,1,50000,0,0,50000
New Brunswick,2016,"RUTGERS, THE STATE UNIVERSITY OF NEW JERSEY",0,2,69201,0,0,69201
New Brunswick,2017,"RUTGERS, THE STATE UNIVERSITY OF NEW JERSEY",0,1,50000,1,500000,550000
New Brunswick,2018,"RUTGERS, THE STATE UNIVERSITY OF NEW JERSEY",0,1,50000,0,0,50000
New Brunswick,2019,"RUTGERS, THE STATE UNIVERSITY OF NEW JERSEY",0,1,50000,1,299159,349159
New Brunswick,2020,"RUTGERS, THE STATE UNIVERSITY OF NEW JERSEY",0,1,50000,0,0,50000
New Brunswick,2021,"RUTGERS, THE STATE UNIVERSITY OF NEW JERSEY",0,1,50000,0,0,50000
New Brunswick,2022,"RUTGERS, THE STATE UNIVERSITY OF NEW JERSEY",0,2,100000,0,0,100000
New Haven,2012,YALE UNIVERSITY,0,2,100000,0,0,100000
New Haven,2016,YALE UNIVERSITY,0,1,50000,0,0,50000
New Haven,2017,YALE UNIVERSITY,0,1,50000,0,0,50000
New Orleans,2014,"ADMINISTRATORS OF THE TULANE EDUCATIONAL FUND, THE",0,1,50000,0,0,50000
New Orleans,2015,"ADMINISTRATORS OF THE TULANE EDUCATIONAL FUND, THE",0,1,50000,1,163285,213285
New Orleans,2016,"ADMINISTRATORS OF THE TULANE EDUCATIONAL FUND, THE",0,3,150000,0,0,150000
New Orleans,2016,LOUISIANA STATE UNIVERSITY HEALTH SCIENCES CENTER-NEW ORLEANS,0,1,50000,0,0,50000
New Orleans,2017,"ADMINISTRATORS OF THE TULANE EDUCATIONAL FUND, THE",0,1,50000,0,0,50000
New Orleans,2018,"ADMINISTRATORS OF THE TULANE EDUCATIONAL FUND, THE",0,1,50000,0,0,50000
New Orleans,2019,"ADMINISTRATORS OF THE TULANE EDUCATIONAL FUND, THE",0,1,50000,0,0,50000
New Orleans,2020,"ADMINISTRATORS OF THE TULANE EDUCATIONAL FUND, THE",0,1,50000,0,0,50000
New Orleans,2021,"ADMINISTRATORS OF THE TULANE EDUCATIONAL FUND, THE",0,1,50000,0,0,50000
New York,2012,RESEARCH FOUNDATION OF THE CITY UNIVERSITY OF NEW YORK,0,3,150000,0,0,150000
New York,2013,NEW YORK UNIVERSITY,0,1,50000,0,0,50000
New York,2013,RESEARCH FOUNDATION OF THE CITY UNIVERSITY OF NEW YORK,0,2,100000,0,0,100000
New York,2014,NEW YORK UNIVERSITY,0,3,150000,0,0,150000
New York,2014,RESEARCH FOUNDATION OF THE CITY UNIVERSITY OF NEW YORK,0,5,250000,0,0,250000
New York,2015,NEW YORK UNIVERSITY,0,2,100000,0,0,100000
New York,2015,RESEARCH FOUNDATION OF THE CITY UNIVERSITY OF NEW YORK,0,2,100000,0,0,100000
New York,2016,ICAHN SCHOOL OF MEDICINE AT MOUNT SINAI,0,1,50000,0,0,50000
New York,2016,NEW YORK UNIVERSITY,0,2,100000,0,0,100000
New York,2016,RESEARCH FOUNDATION OF THE CITY UNIVERSITY OF NEW YORK,0,1,50000,0,0,50000
New York,2017,NEW YORK UNIVERSITY,0,3,150000,1,500000,650000
New York,2017,RESEARCH FOUNDATION OF THE CITY UNIVERSITY OF NEW YORK,0,2,100000,3,4046611,4146611
New York,2018,ICAHN SCHOOL OF MEDICINE AT MOUNT SINAI,0,1,50000,0,0,50000
New York,2018,RESEARCH FOUNDATION OF THE CITY UNIVERSITY OF NEW YORK,0,3,150000,1,350000,500000
New York,2019,NEW YORK UNIVERSITY,0,3,150000,0,0,150000
New York,2019,RESEARCH FOUNDATION OF THE CITY UNIVERSITY OF NEW YORK,0,4,200000,0,0,200000
New York,2020,ICAHN SCHOOL OF MEDICINE AT MOUNT SINAI,0,1,50000,0,0,50000
New York,2020,NEW YORK UNIVERSITY,0,2,100000,0,0,100000
New York,2020,RESEARCH FOUNDATION OF THE CITY UNIVERSITY OF NEW YORK,0,3,150000,0,0,150000
New York,2021,NEW YORK UNIVERSITY,0,2,100000,0,0,100000
New York,2021,RESEARCH FOUNDATION OF THE CITY UNIVERSITY OF NEW YORK,0,3,150000,0,0,150000
New York,2022,NEW YORK UNIVERSITY,0,3,150000,0,0,150000
New York,2022,RESEARCH FOUNDATION OF THE CITY UNIVERSITY OF NEW YORK,0,1,50000,0,0,50000
New York,2022,WEILL MEDICAL COLLEGE OF CORNELL UNIVERSITY,0,1,50000,0,0,50000
Newark,2012,NEW JERSEY INSTITUTE OF TECHNOLOGY,0,2,100000,0,0,100000
Newark,2013,NEW JERSEY INSTITUTE OF TECHNOLOGY,0,2,100000,0,0,100000
Newark,2013,UNIVERSITY OF DELAWARE,0,3,150000,0,0,150000
Newark,2014,"RUTGERS, THE STATE UNIVERSITY OF NEW JERSEY",0,1,50000,0,0,50000
Newark,2014,UNIVERSITY OF DELAWARE,1,0,0,1,300000,300000
Newark,2015,NEW JERSEY INSTITUTE OF TECHNOLOGY,0,2,100000,1,300000,400000
Newark,2016,NEW JERSEY INSTITUTE OF TECHNOLOGY,0,3,150000,0,0,150000
Newark,2016,UNIVERSITY OF DELAWARE,0,2,100000,0,0,100000
Newark,2017,NEW JERSEY INSTITUTE OF TECHNOLOGY,0,2,100000,0,0,100000
Newark,2017,UNIVERSITY OF DELAWARE,0,1,50000,0,0,50000
Newark,2018,NEW JERSEY INSTITUTE OF TECHNOLOGY,0,4,200000,0,0,200000
Newark,2018,UNIVERSITY OF DELAWARE,0,3,150000,1,160000,310000
Newark,2019,NEW JERSEY INSTITUTE OF TECHNOLOGY,0,2,100000,0,0,100000
Newark,2019,"RUTGERS, THE STATE UNIVERSITY OF NEW JERSEY",0,1,50000,0,0,50000
Newark,2019,UNIVERSITY OF DELAWARE,0,6,300000,0,0,300000
Newark,2020,NEW JERSEY INSTITUTE OF TECHNOLOGY,0,6,299999,0,0,299999
Newark,2020,"RUTGERS, THE STATE UNIVERSITY OF NEW JERSEY",0,1,50000,0,0,50000
Newark,2020,UNIVERSITY OF DELAWARE,0,3,150000,0,0,150000
Newark,2021,NEW JERSEY INSTITUTE OF TECHNOLOGY,0,5,250000,1,299775,549775
Newark,2021,"RUTGERS, THE STATE UNIVERSITY OF NEW JERSEY",0,1,50000,0,0,50000
Newark,2021,UNIVERSITY OF DELAWARE,0,1,50000,0,0,50000
Newark,2022,NEW JERSEY INSTITUTE OF TECHNOLOGY,0,6,300000,0,0,300000
NewYork,2012,"TRUSTEES OF COLUMBIA UNIVERSITY IN THE CITY OF NEW YORK, THE",0,3,150000,0,0,150000
NewYork,2013,"TRUSTEES OF COLUMBIA UNIVERSITY IN THE CITY OF NEW YORK, THE",0,1,50000,0,0,50000
NewYork,2014,"TRUSTEES OF COLUMBIA UNIVERSITY IN THE CITY OF NEW YORK, THE",0,1,50000,0,0,50000
NewYork,2017,"TRUSTEES OF COLUMBIA UNIVERSITY IN THE CITY OF NEW YORK, THE",0,1,50000,0,0,50000
NewYork,2018,"TRUSTEES OF COLUMBIA UNIVERSITY IN THE CITY OF NEW YORK, THE",0,1,50000,0,0,50000
NewYork,2019,"TRUSTEES OF COLUMBIA UNIVERSITY IN THE CITY OF NEW YORK, THE",0,2,100000,0,0,100000
NewYork,2020,"TRUSTEES OF COLUMBIA UNIVERSITY IN THE CITY OF NEW YORK, THE",0,3,150000,0,0,150000
NewYork,2021,"TRUSTEES OF COLUMBIA UNIVERSITY IN THE CITY OF NEW YORK, THE",0,1,50000,0,0,50000
Norfolk,2015,OLD DOMINION UNIVERSITY RESEARCH FOUNDATION,0,1,50000,0,0,50000
Norfolk,2019,"FRANKLIN W. OLIN COLLEGE OF ENGINEERING, INC.",0,1,50000,0,0,50000
Norfolk,2021,"FRANKLIN W. OLIN COLLEGE OF ENGINEERING, INC.",1,0,0,1,96611,96611
Norman,2012,UNIVERSITY OF OKLAHOMA,0,2,100000,0,0,100000
Norman,2022,UNIVERSITY OF OKLAHOMA,0,1,50000,0,0,50000
Northridge,2017,"UNIVERSITY CORPORATION, THE",1,0,0,1,498335,498335
Notre Dame,2013,UNIVERSITY OF NOTRE DAME DU LAC,0,1,50000,0,0,50000
Notre Dame,2015,UNIVERSITY OF NOTRE DAME DU LAC,0,1,50000,0,0,50000
Notre Dame,2016,UNIVERSITY OF NOTRE DAME DU LAC,0,1,50000,0,0,50000
Notre Dame,2017,UNIVERSITY OF NOTRE DAME DU LAC,0,1,50000,0,0,50000
Oakland Gardens,2018,RESEARCH FOUNDATION OF THE CITY UNIVERSITY OF NEW YORK,0,1,50000,0,0,50000
Oktibbeha,2017,MISSISSIPPI STATE UNIVERSITY,0,1,50000,1,495300,545300
Oktibbeha,2018,MISSISSIPPI STATE UNIVERSITY,0,2,100000,0,0,100000
Oktibbeha,2020,MISSISSIPPI STATE UNIVERSITY,0,1,50000,0,0,50000
Orlando,2012,"UNIVERSITY OF CENTRAL FLORIDA BOARD OF TRUSTEES, THE",0,1,50000,0,0,50000
Orlando,2014,"UNIVERSITY OF CENTRAL FLORIDA BOARD OF TRUSTEES, THE",1,0,0,1,300000,300000
Orlando,2015,"UNIVERSITY OF CENTRAL FLORIDA BOARD OF TRUSTEES, THE",0,2,100000,0,0,100000
Orlando,2016,"UNIVERSITY OF CENTRAL FLORIDA BOARD OF TRUSTEES, THE",0,3,150000,0,0,150000
Orlando,2017,"UNIVERSITY OF CENTRAL FLORIDA BOARD OF TRUSTEES, THE",0,1,50000,1,299268,349268
Orlando,2019,"UNIVERSITY OF CENTRAL FLORIDA BOARD OF TRUSTEES, THE",0,5,250000,0,0,250000
Orlando,2020,"UNIVERSITY OF CENTRAL FLORIDA BOARD OF TRUSTEES, THE",0,1,50000,0,0,50000
Orlando,2021,"UNIVERSITY OF CENTRAL FLORIDA BOARD OF TRUSTEES, THE",0,1,50000,0,0,50000
Orono,2017,UNIVERSITY OF MAINE SYSTEM,0,1,50000,0,0,50000
Orono,2018,UNIVERSITY OF MAINE SYSTEM,1,0,0,1,150930,150930
Orono,2019,UNIVERSITY OF MAINE SYSTEM,0,1,50000,0,0,50000
Orono,2020,UNIVERSITY OF MAINE SYSTEM,0,1,50000,0,0,50000
Orono,2022,UNIVERSITY OF MAINE SYSTEM,0,1,50000,0,0,50000
Oswego,2014,"RESEARCH FOUNDATION FOR THE STATE UNIVERSITY OF NEW YORK, THE",0,1,50000,0,0,50000
Oswego,2018,"RESEARCH FOUNDATION FOR THE STATE UNIVERSITY OF NEW YORK, THE",0,1,50000,0,0,50000
Pasadena,2012,CALIFORNIA INSTITUTE OF TECHNOLOGY,0,1,50000,0,0,50000
Pasadena,2016,CALIFORNIA INSTITUTE OF TECHNOLOGY,0,2,100000,0,0,100000
Pasadena,2017,CALIFORNIA INSTITUTE OF TECHNOLOGY,0,2,100000,0,0,100000
Pasadena,2018,CALIFORNIA INSTITUTE OF TECHNOLOGY,0,1,50000,0,0,50000
Pasadena,2019,CALIFORNIA INSTITUTE OF TECHNOLOGY,0,1,50000,0,0,50000
Philadelphia,2011,"TRUSTEES OF THE UNIVERSITY OF PENNSYLVANIA, THE",0,1,50000,0,0,50000
Philadelphia,2012,DREXEL UNIVERSITY,0,1,50000,0,0,50000
Philadelphia,2012,"TRUSTEES OF THE UNIVERSITY OF PENNSYLVANIA, THE",0,1,50000,0,0,50000
Philadelphia,2013,TEMPLE UNIVERSITY-OF THE COMMONWEALTH SYSTEM OF HIGHER EDUCATION,0,1,50000,0,0,50000
Philadelphia,2014,DREXEL UNIVERSITY,0,1,50000,0,0,50000
Philadelphia,2014,TEMPLE UNIVERSITY-OF THE COMMONWEALTH SYSTEM OF HIGHER EDUCATION,0,2,100000,0,0,100000
Philadelphia,2015,DREXEL UNIVERSITY,0,1,50000,0,0,50000
Philadelphia,2015,TEMPLE UNIVERSITY-OF THE COMMONWEALTH SYSTEM OF HIGHER EDUCATION,0,1,50000,0,0,50000
Philadelphia,2015,"TRUSTEES OF THE UNIVERSITY OF PENNSYLVANIA, THE",0,1,50000,1,300000,350000
Philadelphia,2016,DREXEL UNIVERSITY,0,1,50000,0,0,50000
Philadelphia,2017,DREXEL UNIVERSITY,0,1,50000,0,0,50000
Philadelphia,2017,TEMPLE UNIVERSITY-OF THE COMMONWEALTH SYSTEM OF HIGHER EDUCATION,0,1,50000,0,0,50000
Philadelphia,2017,"TRUSTEES OF THE UNIVERSITY OF PENNSYLVANIA, THE",0,1,50000,0,0,50000
Philadelphia,2018,DREXEL UNIVERSITY,0,1,50000,0,0,50000
Philadelphia,2018,"TRUSTEES OF THE UNIVERSITY OF PENNSYLVANIA, THE",0,5,250000,1,162447,412447
Philadelphia,2019,DREXEL UNIVERSITY,0,3,150000,0,0,150000
Philadelphia,2019,TEMPLE UNIVERSITY-OF THE COMMONWEALTH SYSTEM OF HIGHER EDUCATION,0,1,50000,0,0,50000
Philadelphia,2020,DREXEL UNIVERSITY,0,1,50000,0,0,50000
Philadelphia,2021,"TRUSTEES OF THE UNIVERSITY OF PENNSYLVANIA, THE",0,1,50000,0,0,50000
Philadelphia,2022,"CHILDREN'S HOSPITAL OF PHILADELPHIA, THE",0,1,50000,0,0,50000
Piscataway,2016,"RUTGERS, THE STATE UNIVERSITY OF NEW JERSEY",0,1,50000,0,0,50000
Pittsburgh,2011,CARNEGIE MELLON UNIVERSITY,0,1,50000,0,0,50000
Pittsburgh,2012,CARNEGIE MELLON UNIVERSITY,0,3,150000,0,0,150000
Pittsburgh,2012,"UNIVERSITY OF PITTSBURGH, THE",0,2,100000,0,0,100000
Pittsburgh,2013,"UNIVERSITY OF PITTSBURGH, THE",0,1,50000,0,0,50000
Pittsburgh,2014,CARNEGIE MELLON UNIVERSITY,0,4,200000,1,299110,499110
Pittsburgh,2015,"UNIVERSITY OF PITTSBURGH, THE",0,1,50000,1,300000,350000
Pittsburgh,2016,CARNEGIE MELLON UNIVERSITY,0,4,200000,0,0,200000
Pittsburgh,2016,"UNIVERSITY OF PITTSBURGH, THE",0,4,200000,0,0,200000
Pittsburgh,2017,CARNEGIE MELLON UNIVERSITY,0,1,50000,1,299569,349569
Pittsburgh,2017,"UNIVERSITY OF PITTSBURGH, THE",0,5,250000,1,300000,550000
Pittsburgh,2018,CARNEGIE MELLON UNIVERSITY,0,1,50000,0,0,50000
Pittsburgh,2018,"UNIVERSITY OF PITTSBURGH, THE",0,2,100000,0,0,100000
Pittsburgh,2019,CARNEGIE MELLON UNIVERSITY,0,1,50000,0,0,50000
Pittsburgh,2019,"UNIVERSITY OF PITTSBURGH, THE",0,1,49573,0,0,49573
Pittsburgh,2020,CARNEGIE MELLON UNIVERSITY,0,1,50000,0,0,50000
Pittsburgh,2021,CARNEGIE MELLON UNIVERSITY,0,2,100000,0,0,100000
Pittsburgh,2021,"UNIVERSITY OF PITTSBURGH, THE",0,1,50000,0,0,50000
Pomona,2018,CAL POLY POMONA FOUNDATION INC,1,0,0,1,180000,180000
Ponce,2017,PONTIFICAL CATHOLIC UNIVERSITY OF PUERTO RICO,0,1,50000,0,0,50000
Portland,2012,PORTLAND STATE UNIVERSITY,0,1,50000,0,0,50000
Portland,2018,PORTLAND STATE UNIVERSITY,0,1,50000,0,0,50000
Portland,2019,PORTLAND STATE UNIVERSITY,0,1,50000,0,0,50000
Portland,2020,PORTLAND STATE UNIVERSITY,0,1,50000,0,0,50000
Potsdam,2014,CLARKSON UNIVERSITY,0,2,100000,0,0,100000
Potsdam,2015,CLARKSON UNIVERSITY,0,1,50000,0,0,50000
Potsdam,2020,CLARKSON UNIVERSITY,0,1,50000,0,0,50000
Potsdam,2021,CLARKSON UNIVERSITY,0,1,50000,0,0,50000
Potsdam,2022,"RESEARCH FOUNDATION FOR THE STATE UNIVERSITY OF NEW YORK, THE",0,1,50000,0,0,50000
Prince George's,2012,"UNIVERSITY OF MARYLAND, COLLEGE PARK",0,5,250000,0,0,250000
Prince George's,2013,"UNIVERSITY OF MARYLAND, COLLEGE PARK",0,3,150000,1,3637996,3787996
Prince George's,2014,"UNIVERSITY OF MARYLAND, COLLEGE PARK",0,3,150000,0,0,150000
Prince George's,2016,"UNIVERSITY OF MARYLAND, COLLEGE PARK",0,8,363688,1,3448944,3812632
Prince George's,2017,"UNIVERSITY OF MARYLAND, COLLEGE PARK",0,1,50000,0,0,50000
Prince George's,2018,"UNIVERSITY OF MARYLAND, COLLEGE PARK",0,2,100000,0,0,100000
Prince George's,2019,"UNIVERSITY OF MARYLAND, COLLEGE PARK",0,1,50000,0,0,50000
Prince George's,2020,"UNIVERSITY OF MARYLAND, COLLEGE PARK",0,4,200000,0,0,200000
Prince George's,2021,"UNIVERSITY OF MARYLAND, COLLEGE PARK",0,4,200000,1,15000000,15200000
Prince George's,2022,"UNIVERSITY OF MARYLAND, COLLEGE PARK",0,1,50000,0,0,50000
Princeton,2012,"TRUSTEES OF PRINCETON UNIVERSITY, THE",0,1,50000,0,0,50000
Princeton,2014,"TRUSTEES OF PRINCETON UNIVERSITY, THE",0,1,50000,0,0,50000
Princeton,2015,"TRUSTEES OF PRINCETON UNIVERSITY, THE",0,2,100000,0,0,100000
Princeton,2017,"TRUSTEES OF PRINCETON UNIVERSITY, THE",0,1,50000,0,0,50000
Princeton,2018,"TRUSTEES OF PRINCETON UNIVERSITY, THE",0,2,100000,0,0,100000
Princeton,2020,"TRUSTEES OF PRINCETON UNIVERSITY, THE",0,1,50000,0,0,50000
Princeton,2021,"TRUSTEES OF PRINCETON UNIVERSITY, THE",1,0,0,1,15000000,15000000
Providence,2013,BROWN UNIVERSITY,0,1,50000,0,0,50000
Providence,2016,BROWN UNIVERSITY,0,1,50000,0,0,50000
Providence,2017,BROWN UNIVERSITY,0,1,50000,0,0,50000
Provo,2014,BRIGHAM YOUNG UNIVERSITY,0,1,50000,0,0,50000
Provo,2015,BRIGHAM YOUNG UNIVERSITY,1,0,0,1,300000,300000
Provo,2019,BRIGHAM YOUNG UNIVERSITY,0,1,50000,0,0,50000
Provo,2022,BRIGHAM YOUNG UNIVERSITY,0,2,100000,0,0,100000
Pullman,2015,WASHINGTON STATE UNIVERSITY,0,1,50000,0,0,50000
Pullman,2016,WASHINGTON STATE UNIVERSITY,0,1,50000,1,294325,344325
Rapid City,2015,SOUTH DAKOTA SCHOOL OF MINES & TECHNOLOGY,0,1,50000,0,0,50000
Rapid City,2017,SOUTH DAKOTA SCHOOL OF MINES & TECHNOLOGY,0,1,50000,0,0,50000
Rapid City,2020,SOUTH DAKOTA SCHOOL OF MINES & TECHNOLOGY,0,1,50000,0,0,50000
Rapid City,2022,SOUTH DAKOTA SCHOOL OF MINES & TECHNOLOGY,0,1,50000,0,0,50000
Raymond,2015,"BIOQUEST CURRICULUM CONSORTIUM, INC",0,1,50000,0,0,50000
Reno,2012,NEVADA SYSTEM OF HIGHER EDUCATION,0,1,50000,0,0,50000
Reno,2015,NEVADA SYSTEM OF HIGHER EDUCATION,0,2,100000,0,0,100000
Reno,2016,NEVADA SYSTEM OF HIGHER EDUCATION,0,1,50000,0,0,50000
Reno,2018,NEVADA SYSTEM OF HIGHER EDUCATION,0,1,50000,0,0,50000
Reno,2020,NEVADA SYSTEM OF HIGHER EDUCATION,0,1,50000,0,0,50000
Reno,2021,NEVADA SYSTEM OF HIGHER EDUCATION,0,3,150000,0,0,150000
Reno,2022,NEVADA SYSTEM OF HIGHER EDUCATION,0,1,50000,0,0,50000
Richardson,2013,UNIVERSITY OF TEXAS AT DALLAS,0,2,100000,0,0,100000
Richardson,2014,UNIVERSITY OF TEXAS AT DALLAS,0,1,50000,0,0,50000
Richardson,2015,UNIVERSITY OF TEXAS AT DALLAS,0,2,100000,0,0,100000
Richardson,2019,UNIVERSITY OF TEXAS AT DALLAS,0,1,50000,0,0,50000
Richmond,2013,VIRGINIA COMMONWEALTH UNIVERSITY,0,1,50000,0,0,50000
Richmond,2015,VIRGINIA COMMONWEALTH UNIVERSITY,0,1,50000,0,0,50000
Richmond,2020,VIRGINIA COMMONWEALTH UNIVERSITY,0,1,50000,0,0,50000
River Falls,2016,UNIVERSITY OF WISCONSIN SYSTEM,0,1,50000,0,0,50000
Riverside,2015,REGENTS OF THE UNIVERSITY OF CALIFORNIA AT RIVERSIDE,0,1,50000,0,0,50000
Riverside,2017,REGENTS OF THE UNIVERSITY OF CALIFORNIA AT RIVERSIDE,1,0,0,1,500000,500000
Riverside,2018,REGENTS OF THE UNIVERSITY OF CALIFORNIA AT RIVERSIDE,0,6,300000,0,0,300000
Riverside,2020,REGENTS OF THE UNIVERSITY OF CALIFORNIA AT RIVERSIDE,0,1,50000,0,0,50000
Rochester,2011,ROCHESTER INSTITUTE OF TECHNOLOGY (INC),0,1,50000,0,0,50000
Rochester,2012,ROCHESTER INSTITUTE OF TECHNOLOGY (INC),0,1,50000,0,0,50000
Rochester,2012,UNIVERSITY OF ROCHESTER,0,2,100000,0,0,100000
Rochester,2013,UNIVERSITY OF ROCHESTER,0,2,100000,0,0,100000
Rochester,2014,UNIVERSITY OF ROCHESTER,0,1,50000,0,0,50000
Rochester,2014,ROCHESTER INSTITUTE OF TECHNOLOGY (INC),1,0,0,1,300000,300000
Rochester,2015,UNIVERSITY OF ROCHESTER,1,0,0,1,299784,299784
Rochester,2016,UNIVERSITY OF ROCHESTER,0,1,50000,0,0,50000
Rochester,2017,ROCHESTER INSTITUTE OF TECHNOLOGY (INC),0,2,100000,0,0,100000
Rochester,2018,UNIVERSITY OF ROCHESTER,0,1,50000,0,0,50000
Rochester,2018,ROCHESTER INSTITUTE OF TECHNOLOGY (INC),1,0,0,1,160000,160000
Rochester,2020,ROCHESTER INSTITUTE OF TECHNOLOGY (INC),0,1,50000,0,0,50000
Rochester,2020,UNIVERSITY OF ROCHESTER,0,3,150000,0,0,150000
Rochester,2022,OAKLAND UNIVERSITY,0,3,150000,0,0,150000
Rolla,2014,UNIVERSITY OF MISSOURI SYSTEM,0,2,53886,0,0,53886
Rolla,2015,UNIVERSITY OF MISSOURI SYSTEM,0,4,200000,0,0,200000
Rolla,2016,UNIVERSITY OF MISSOURI SYSTEM,0,2,100000,0,0,100000
Rolla,2017,UNIVERSITY OF MISSOURI SYSTEM,0,1,50000,0,0,50000
Rolla,2018,UNIVERSITY OF MISSOURI SYSTEM,0,1,50000,0,0,50000
Rolla,2019,UNIVERSITY OF MISSOURI SYSTEM,0,1,50000,0,0,50000
Rolla,2021,UNIVERSITY OF MISSOURI SYSTEM,0,2,100000,0,0,100000
Ruston,2014,LOUISIANA TECH UNIVERSITY,0,1,50000,0,0,50000
Ruston,2018,LOUISIANA TECH UNIVERSITY,0,1,50000,0,0,50000
Sacramento,2014,"UNIVERSITY ENTERPRISES, INC.",0,1,50000,0,0,50000
Saint Louis,2016,SAINT LOUIS UNIVERSITY,0,1,20030,0,0,20030
Saint Louis,2018,SAINT LOUIS UNIVERSITY,1,0,0,1,255000,255000
Saint Louis,2019,SAINT LOUIS UNIVERSITY,0,1,50000,0,0,50000
Saint Louis,2020,SAINT LOUIS UNIVERSITY,0,1,50000,0,0,50000
Saint Louis,2021,"WASHINGTON UNIVERSITY, THE",0,1,50000,0,0,50000
Salt Lake City,2012,"UNIVERSITY OF UTAH, THE",0,1,50000,0,0,50000
Salt Lake City,2014,"UNIVERSITY OF UTAH, THE",1,0,0,1,300000,300000
Salt Lake City,2015,"UNIVERSITY OF UTAH, THE",0,2,100000,0,0,100000
Salt Lake City,2017,"UNIVERSITY OF UTAH, THE",1,0,0,1,297848,297848
Salt Lake City,2019,"UNIVERSITY OF UTAH, THE",0,2,100000,0,0,100000
Salt Lake City,2020,"UNIVERSITY OF UTAH, THE",0,1,50000,0,0,50000
Salt Lake City,2021,"UNIVERSITY OF UTAH, THE",0,2,100000,0,0,100000
San Antonio,2014,"UNIVERSITY OF TEXAS AT SAN ANTONIO, THE",1,0,0,1,294103,294103
San Antonio,2015,"UNIVERSITY OF TEXAS AT SAN ANTONIO, THE",0,3,150000,0,0,150000
San Antonio,2016,"UNIVERSITY OF TEXAS AT SAN ANTONIO, THE",0,4,172254,0,0,172254
San Antonio,2017,"UNIVERSITY OF TEXAS AT SAN ANTONIO, THE",0,5,250000,1,299820,549820
San Antonio,2018,"UNIVERSITY OF TEXAS AT SAN ANTONIO, THE",0,2,100000,0,0,100000
San Antonio,2019,"UNIVERSITY OF TEXAS AT SAN ANTONIO, THE",0,1,50000,0,0,50000
San Antonio,2019,UNIVERSITY OF TEXAS HEALTH SCIENCE CENTER OF SAN ANTONIO,0,1,50000,0,0,50000
San Antonio,2020,"UNIVERSITY OF TEXAS AT SAN ANTONIO, THE",0,1,50000,0,0,50000
San Diego,2013,SAN DIEGO STATE UNIVERSITY FOUNDATION,0,1,50000,0,0,50000
San Diego,2014,SAN DIEGO STATE UNIVERSITY FOUNDATION,1,0,0,1,300000,300000
San Diego,2016,SAN DIEGO STATE UNIVERSITY FOUNDATION,0,1,50000,0,0,50000
San Diego,2017,SAN DIEGO STATE UNIVERSITY FOUNDATION,1,0,0,1,300000,300000
San Diego,2018,SAN DIEGO STATE UNIVERSITY FOUNDATION,0,1,50000,0,0,50000
San Diego,2020,SAN DIEGO STATE UNIVERSITY FOUNDATION,0,1,50000,0,0,50000
San Diego,2021,SAN DIEGO STATE UNIVERSITY FOUNDATION,0,1,50000,0,0,50000
San Francisco,2016,"REGENTS OF THE UNIVERSITY OF CALIFORNIA, SAN FRANCISCO, THE",0,1,50000,0,0,50000
San Francisco,2020,"REGENTS OF THE UNIVERSITY OF CALIFORNIA, SAN FRANCISCO, THE",0,1,50000,0,0,50000
San Francisco,2021,SAN FRANCISCO STATE UNIVERSITY,0,1,50000,0,0,50000
San Francisco,2022,"REGENTS OF THE UNIVERSITY OF CALIFORNIA, SAN FRANCISCO, THE",0,1,50000,0,0,50000
San Jose,2016,SAN JOSE STATE UNIVERSITY RESEARCH FOUNDATION,0,1,50000,0,0,50000
San Jose,2017,SAN JOSE STATE UNIVERSITY RESEARCH FOUNDATION,0,1,50000,0,0,50000
San Juan,2016,UNIVERSITY OF PUERTO RICO,0,1,50000,0,0,50000
San Juan,2020,UNIVERSITY OF PUERTO RICO,0,1,50000,0,0,50000
San Marcos,2015,TEXAS STATE UNIVERSITY,0,1,50000,0,0,50000
San Marcos,2018,TEXAS STATE UNIVERSITY,1,0,0,1,254107,254107
San Marcos,2021,TEXAS STATE UNIVERSITY,0,3,150000,0,0,150000
San Marcos,2022,TEXAS STATE UNIVERSITY,0,3,150000,0,0,150000
Santa Barbara,2013,"UNIVERSITY OF CALIFORNIA, SANTA BARBARA",0,1,50000,0,0,50000
Santa Barbara,2015,"UNIVERSITY OF CALIFORNIA, SANTA BARBARA",0,2,100000,0,0,100000
Santa Barbara,2016,"UNIVERSITY OF CALIFORNIA, SANTA BARBARA",0,1,50000,0,0,50000
Santa Barbara,2017,"UNIVERSITY OF CALIFORNIA, SANTA BARBARA",0,1,50000,0,0,50000
Santa Barbara,2020,"UNIVERSITY OF CALIFORNIA, SANTA BARBARA",0,1,50000,0,0,50000
Santa Cruz,2012,"UNIVERSITY OF CALIFORNIA, SANTA CRUZ",0,2,100000,0,0,100000
Santa Cruz,2014,"UNIVERSITY OF CALIFORNIA, SANTA CRUZ",0,1,50000,0,0,50000
Santa Cruz,2015,"UNIVERSITY OF CALIFORNIA, SANTA CRUZ",0,2,100000,0,0,100000
Santa Cruz,2016,"UNIVERSITY OF CALIFORNIA, SANTA CRUZ",0,1,50000,0,0,50000
Santa Cruz,2017,"UNIVERSITY OF CALIFORNIA, SANTA CRUZ",0,2,100000,1,494821,594821
Santa Cruz,2018,"UNIVERSITY OF CALIFORNIA, SANTA CRUZ",0,1,50000,0,0,50000
Santa Cruz,2019,"UNIVERSITY OF CALIFORNIA, SANTA CRUZ",0,2,100000,0,0,100000
Santa Cruz,2020,"UNIVERSITY OF CALIFORNIA, SANTA CRUZ",0,1,50000,0,0,50000
Schenectady,2013,TRUSTEES OF UNION COLLEGE IN THE TOWN OF SCHENECTADY IN THE STATE OF NEW YORK,0,1,50000,0,0,50000
Schenectady,2018,TRUSTEES OF UNION COLLEGE IN THE TOWN OF SCHENECTADY IN THE STATE OF NEW YORK,0,1,50000,0,0,50000
Scranton,2020,UNIVERSITY OF SCRANTON,0,1,50000,0,0,50000
Scranton,2022,UNIVERSITY OF SCRANTON,0,1,50000,0,0,50000
Seattle,2011,UNIVERSITY OF WASHINGTON,0,1,50000,0,0,50000
Seattle,2012,UNIVERSITY OF WASHINGTON,0,1,50000,0,0,50000
Seattle,2014,UNIVERSITY OF WASHINGTON,0,1,50000,0,0,50000
Seattle,2015,UNIVERSITY OF WASHINGTON,0,1,50000,1,299997,349997
Seattle,2016,UNIVERSITY OF WASHINGTON,0,1,50000,0,0,50000
Seattle,2018,UNIVERSITY OF WASHINGTON,0,1,50000,0,0,50000
Seattle,2019,UNIVERSITY OF WASHINGTON,0,2,100000,0,0,100000
Seattle,2020,UNIVERSITY OF WASHINGTON,0,3,150000,0,0,150000
Seattle,2021,UNIVERSITY OF WASHINGTON,0,3,150000,0,0,150000
Seattle,2022,UNIVERSITY OF WASHINGTON,0,2,100000,0,0,100000
Somerville,2015,TRUSTEES OF TUFTS COLLEGE INC,0,1,50000,0,0,50000
Somerville,2020,TRUSTEES OF TUFTS COLLEGE INC,0,1,50000,0,0,50000
Springfield,2017,DRURY UNIVERSITY,0,1,9459,0,0,9459
Stanford,2013,"LELAND STANFORD JUNIOR UNIVERSITY, THE",0,1,50000,0,0,50000
Stanford,2015,"LELAND STANFORD JUNIOR UNIVERSITY, THE",0,3,150000,0,0,150000
Stanford,2020,"LELAND STANFORD JUNIOR UNIVERSITY, THE",0,2,100000,0,0,100000
Stanford,2021,"LELAND STANFORD JUNIOR UNIVERSITY, THE",0,3,150000,0,0,150000
Staten Island,2021,RESEARCH FOUNDATION OF THE CITY UNIVERSITY OF NEW YORK,0,1,50000,0,0,50000
Stillwater,2012,OKLAHOMA STATE UNIVERSITY,0,1,50000,0,0,50000
Stillwater,2013,OKLAHOMA STATE UNIVERSITY,0,1,50000,0,0,50000
Stillwater,2014,OKLAHOMA STATE UNIVERSITY,0,1,50000,0,0,50000
Stillwater,2016,OKLAHOMA STATE UNIVERSITY,1,0,0,1,300000,300000
Stillwater,2018,OKLAHOMA STATE UNIVERSITY,0,1,50000,0,0,50000
Stillwater,2019,OKLAHOMA STATE UNIVERSITY,0,2,100000,0,0,100000
Stillwater,2020,OKLAHOMA STATE UNIVERSITY,0,3,150000,0,0,150000
Stillwater,2021,OKLAHOMA STATE UNIVERSITY,0,3,150000,0,0,150000
Stillwater,2022,OKLAHOMA STATE UNIVERSITY,0,1,50000,0,0,50000
Stony Brook,2011,"RESEARCH FOUNDATION FOR THE STATE UNIVERSITY OF NEW YORK, THE",0,1,50000,0,0,50000
Stony Brook,2014,"RESEARCH FOUNDATION FOR THE STATE UNIVERSITY OF NEW YORK, THE",0,1,50000,0,0,50000
Stony Brook,2018,"RESEARCH FOUNDATION FOR THE STATE UNIVERSITY OF NEW YORK, THE",0,2,100000,0,0,100000
Stony Brook,2020,"RESEARCH FOUNDATION FOR THE STATE UNIVERSITY OF NEW YORK, THE",0,1,50000,0,0,50000
Stony Brook,2021,"RESEARCH FOUNDATION FOR THE STATE UNIVERSITY OF NEW YORK, THE",0,1,50000,0,0,50000
Storrs Mansfield,2011,UNIVERSITY OF CONNECTICUT,0,1,50000,0,0,50000
Storrs Mansfield,2012,UNIVERSITY OF CONNECTICUT,0,2,100000,0,0,100000
Storrs Mansfield,2013,UNIVERSITY OF CONNECTICUT,0,1,50000,0,0,50000
Storrs Mansfield,2015,UNIVERSITY OF CONNECTICUT,0,2,100000,1,300000,400000
Storrs Mansfield,2016,UNIVERSITY OF CONNECTICUT,0,1,50000,0,0,50000
Storrs Mansfield,2017,UNIVERSITY OF CONNECTICUT,0,1,50000,0,0,50000
Syracuse,2012,SYRACUSE UNIVERSITY,0,2,100000,0,0,100000
Syracuse,2014,SYRACUSE UNIVERSITY,0,1,50000,0,0,50000
Syracuse,2018,SYRACUSE UNIVERSITY,0,1,50000,0,0,50000
Syracuse,2020,"RESEARCH FOUNDATION FOR THE STATE UNIVERSITY OF NEW YORK, THE",0,1,50000,0,0,50000
Syracuse,2020,SYRACUSE UNIVERSITY,0,2,85430,0,0,85430
Syracuse,2021,"RESEARCH FOUNDATION FOR THE STATE UNIVERSITY OF NEW YORK, THE",0,1,50000,0,0,50000
Syracuse,2021,SYRACUSE UNIVERSITY,0,1,50000,0,0,50000
Tallahassee,2012,FLORIDA STATE UNIVERSITY,0,1,50000,0,0,50000
Tallahassee,2013,FLORIDA STATE UNIVERSITY,0,2,100000,0,0,100000
Tallahassee,2014,FLORIDA STATE UNIVERSITY,0,4,200000,0,0,200000
Tallahassee,2015,FLORIDA A & M UNIVERSITY,0,1,50000,0,0,50000
Tallahassee,2015,FLORIDA STATE UNIVERSITY,0,1,50000,0,0,50000
Tallahassee,2017,FLORIDA STATE UNIVERSITY,0,1,50000,0,0,50000
Tallahassee,2019,FLORIDA A & M UNIVERSITY,0,1,50000,0,0,50000
Tallahassee,2022,FLORIDA A & M UNIVERSITY,0,1,50000,0,0,50000
Tampa,2013,UNIVERSITY OF SOUTH FLORIDA,0,1,50000,0,0,50000
Tampa,2014,UNIVERSITY OF SOUTH FLORIDA,0,5,250000,0,0,250000
Tampa,2015,UNIVERSITY OF SOUTH FLORIDA,0,8,400000,1,299708,699708
Tampa,2016,UNIVERSITY OF SOUTH FLORIDA,0,7,350000,0,0,350000
Tampa,2017,UNIVERSITY OF SOUTH FLORIDA,0,4,200000,0,0,200000
Tampa,2018,UNIVERSITY OF SOUTH FLORIDA,0,2,100000,1,160000,260000
Tampa,2019,UNIVERSITY OF SOUTH FLORIDA,0,1,50000,0,0,50000
Tampa,2020,UNIVERSITY OF SOUTH FLORIDA,0,1,50000,1,200000,250000
Tampa,2021,UNIVERSITY OF SOUTH FLORIDA,0,2,100000,0,0,100000
Tampa,2022,UNIVERSITY OF SOUTH FLORIDA,0,2,100000,0,0,100000
Tempe,2012,ARIZONA STATE UNIVERSITY,0,1,50000,0,0,50000
Tempe,2013,ARIZONA STATE UNIVERSITY,0,4,200000,0,0,200000
Tempe,2014,ARIZONA STATE UNIVERSITY,0,3,150000,0,0,150000
Tempe,2015,ARIZONA STATE UNIVERSITY,0,3,150000,0,0,150000
Tempe,2016,ARIZONA STATE UNIVERSITY,0,2,100000,1,296624,396624
Tempe,2017,ARIZONA STATE UNIVERSITY,0,2,100000,0,0,100000
Tempe,2018,ARIZONA STATE UNIVERSITY,0,2,100000,0,0,100000
Tempe,2020,ARIZONA STATE UNIVERSITY,0,2,100000,0,0,100000
Tempe,2021,ARIZONA STATE UNIVERSITY,0,2,100000,0,0,100000
Terre Haute,2015,INDIANA STATE UNIVERSITY,0,1,50000,0,0,50000
Toledo,2012,"UNIVERSITY OF TOLEDO, THE",0,2,100000,0,0,100000
Toledo,2013,"UNIVERSITY OF TOLEDO, THE",0,4,200000,1,300000,500000
Toledo,2015,"UNIVERSITY OF TOLEDO, THE",0,2,100000,0,0,100000
Toledo,2016,"UNIVERSITY OF TOLEDO, THE",0,11,550000,0,0,550000
Toledo,2017,"UNIVERSITY OF TOLEDO, THE",0,6,300000,1,298845,598845
Toledo,2018,"UNIVERSITY OF TOLEDO, THE",0,1,50000,0,0,50000
Toledo,2019,"UNIVERSITY OF TOLEDO, THE",0,1,50000,1,529996,579996
Toledo,2020,"UNIVERSITY OF TOLEDO, THE",0,2,100000,0,0,100000
Toledo,2021,"UNIVERSITY OF TOLEDO, THE",0,2,100000,0,0,100000
Toledo,2022,"UNIVERSITY OF TOLEDO, THE",0,1,50000,0,0,50000
Troy,2011,RENSSELAER POLYTECHNIC INSTITUTE,0,1,50000,0,0,50000
Troy,2013,RENSSELAER POLYTECHNIC INSTITUTE,0,1,50000,0,0,50000
Troy,2014,RENSSELAER POLYTECHNIC INSTITUTE,0,3,150000,0,0,150000
Troy,2015,RENSSELAER POLYTECHNIC INSTITUTE,0,1,50000,0,0,50000
Troy,2016,RENSSELAER POLYTECHNIC INSTITUTE,1,0,0,1,299988,299988
Troy,2021,RENSSELAER POLYTECHNIC INSTITUTE,0,1,50000,0,0,50000
Tucson,2011,UNIVERSITY OF ARIZONA,0,1,50000,0,0,50000
Tucson,2012,UNIVERSITY OF ARIZONA,0,1,50000,0,0,50000
Tucson,2013,UNIVERSITY OF ARIZONA,0,2,100000,0,0,100000
Tucson,2016,UNIVERSITY OF ARIZONA,1,0,0,1,300000,300000
Tucson,2018,UNIVERSITY OF ARIZONA,0,1,50000,0,0,50000
Tucson,2019,UNIVERSITY OF ARIZONA,0,3,150000,0,0,150000
Tucson,2020,UNIVERSITY OF ARIZONA,0,7,350000,0,0,350000
Tucson,2021,UNIVERSITY OF ARIZONA,0,5,250000,0,0,250000
Tucson,2022,UNIVERSITY OF ARIZONA,0,2,100000,0,0,100000
Tuscaloosa,2012,UNIVERSITY OF ALABAMA,0,1,50000,0,0,50000
Tuscaloosa,2015,UNIVERSITY OF ALABAMA,1,0,0,1,299999,299999
Tuscaloosa,2016,UNIVERSITY OF ALABAMA,0,1,50000,0,0,50000
Tuscaloosa,2017,UNIVERSITY OF ALABAMA,0,2,100000,0,0,100000
Tuscaloosa,2018,UNIVERSITY OF ALABAMA,0,2,100000,1,162500,262500
Tuscaloosa,2019,UNIVERSITY OF ALABAMA,0,4,200000,0,0,200000
Tuscaloosa,2020,UNIVERSITY OF ALABAMA,0,2,100000,0,0,100000
Tuscaloosa,2021,UNIVERSITY OF ALABAMA,0,2,100000,0,0,100000
University Park,2013,"PENNSYLVANIA STATE UNIVERSITY, THE",0,1,50000,0,0,50000
University Park,2015,"PENNSYLVANIA STATE UNIVERSITY, THE",0,1,50000,0,0,50000
University Park,2017,"PENNSYLVANIA STATE UNIVERSITY, THE",0,1,50000,1,500000,550000
University Park,2019,"PENNSYLVANIA STATE UNIVERSITY, THE",0,1,50000,0,0,50000
University Park,2021,"PENNSYLVANIA STATE UNIVERSITY, THE",0,1,50000,0,0,50000
University Park,2022,"PENNSYLVANIA STATE UNIVERSITY, THE",0,1,50000,0,0,50000
Urbana,2013,UNIVERSITY OF ILLINOIS,0,1,50000,0,0,50000
Urbana,2019,UNIVERSITY OF ILLINOIS,0,2,80524,0,0,80524
Urbana,2020,UNIVERSITY OF ILLINOIS,0,1,50000,0,0,50000
Urbana,2021,UNIVERSITY OF ILLINOIS,0,1,50000,0,0,50000
Valdosta,2014,VALDOSTA STATE UNIVERSITY,0,1,50000,0,0,50000
Valdosta,2015,VALDOSTA STATE UNIVERSITY,0,1,50000,0,0,50000
Vermillion,2015,THE UNIVERSITY OF SOUTH DAKOTA,0,1,50000,0,0,50000
Vermillion,2018,THE UNIVERSITY OF SOUTH DAKOTA,0,1,50000,0,0,50000
Versailles,2016,KENTUCKY COMMUNITY AND TECHNICAL COLLEGE SYSTEM,0,1,50000,0,0,50000
Waco,2019,BAYLOR UNIVERSITY,0,1,50000,0,0,50000
Waco,2020,BAYLOR UNIVERSITY,0,1,50000,0,0,50000
Wake,2012,NORTH CAROLINA STATE UNIVERSITY,0,1,50000,0,0,50000
Wake,2013,NORTH CAROLINA STATE UNIVERSITY,0,1,50000,0,0,50000
Wake,2015,NORTH CAROLINA STATE UNIVERSITY,0,2,100000,0,0,100000
Wake,2016,NORTH CAROLINA STATE UNIVERSITY,0,3,150000,0,0,150000
Wake,2017,NORTH CAROLINA STATE UNIVERSITY,1,0,0,1,499990,499990
Wake,2018,NORTH CAROLINA STATE UNIVERSITY,0,1,50000,0,0,50000
Wake,2019,NORTH CAROLINA STATE UNIVERSITY,0,1,50000,0,0,50000
Wake,2021,NORTH CAROLINA STATE UNIVERSITY,0,1,50000,0,0,50000
Wake,2022,NORTH CAROLINA STATE UNIVERSITY,0,1,50000,0,0,50000
Waller,2014,PRAIRIE VIEW A&M UNIVERSITY,0,1,50000,0,0,50000
Waltham,2015,"EDUCATION DEVELOPMENT CENTER, INC.",0,1,50000,0,0,50000
Waltham,2017,BRANDEIS UNIVERSITY,1,0,0,1,237050,237050
Waltham,2018,BRANDEIS UNIVERSITY,0,2,100000,0,0,100000
Waltham,2020,BRANDEIS UNIVERSITY,0,1,50000,0,0,50000
Waltham,2021,BRANDEIS UNIVERSITY,0,1,50000,0,0,50000
Washington,2011,"GEORGE WASHINGTON UNIVERSITY, THE",0,1,50000,0,0,50000
Washington,2012,"GEORGE WASHINGTON UNIVERSITY, THE",0,1,50000,0,0,50000
Washington,2013,"GEORGE WASHINGTON UNIVERSITY, THE",0,1,50000,0,0,50000
Washington,2014,AMERICAN CHEMICAL SOCIETY,0,1,50000,0,0,50000
Washington,2014,HOWARD UNIVERSITY (INC),0,1,50000,0,0,50000
Washington,2015,"GEORGE WASHINGTON UNIVERSITY, THE",0,2,100000,0,0,100000
Washington,2015,GEORGETOWN UNIVERSITY (THE),0,1,50000,0,0,50000
Washington,2015,HOWARD UNIVERSITY (INC),1,0,0,1,299998,299998
Washington,2016,"AMERICAN UNIVERSITY, THE",0,1,50000,0,0,50000
Washington,2016,"GEORGE WASHINGTON UNIVERSITY, THE",0,3,150000,0,0,150000
Washington,2016,HOWARD UNIVERSITY (INC),0,1,50000,0,0,50000
Washington,2016,WOMEN IN ENGINEERING PROGRAMS & ADVOCATES NETWORK,0,1,50000,0,0,50000
Washington,2017,"GEORGE WASHINGTON UNIVERSITY, THE",0,2,100000,1,499502,599502
Washington,2017,"AMERICAN UNIVERSITY, THE",1,0,0,1,254473,254473
Washington,2018,"GEORGE WASHINGTON UNIVERSITY, THE",0,4,200000,0,0,200000
Washington,2019,"AMERICAN UNIVERSITY, THE",0,1,50000,0,0,50000
Washington,2019,"GEORGE WASHINGTON UNIVERSITY, THE",0,4,200000,0,0,200000
Washington,2020,"GEORGE WASHINGTON UNIVERSITY, THE",0,4,200000,0,0,200000
Washington,2020,GEORGETOWN UNIVERSITY (THE),0,1,50000,0,0,50000
Washington,2021,"GEORGE WASHINGTON UNIVERSITY, THE",0,1,50000,0,0,50000
West Lafayette,2012,PURDUE UNIVERSITY,0,2,100000,0,0,100000
West Lafayette,2013,PURDUE UNIVERSITY,0,1,50000,0,0,50000
West Lafayette,2014,PURDUE UNIVERSITY,0,2,100000,0,0,100000
West Lafayette,2015,PURDUE UNIVERSITY,0,2,100000,1,197280,297280
West Lafayette,2016,PURDUE UNIVERSITY,0,10,500000,0,0,500000
West Lafayette,2017,PURDUE UNIVERSITY,0,9,450000,0,0,450000
West Lafayette,2018,PURDUE UNIVERSITY,0,4,200000,1,160000,360000
West Lafayette,2019,PURDUE UNIVERSITY,0,3,150000,0,0,150000
West Lafayette,2020,PURDUE UNIVERSITY,0,5,250000,0,0,250000
West Lafayette,2021,PURDUE UNIVERSITY,0,3,150000,0,0,150000
West Lafayette,2022,PURDUE UNIVERSITY,0,2,100000,0,0,100000
Wichita,2015,WICHITA STATE UNIVERSITY,0,1,50000,0,0,50000
Wichita,2016,WICHITA STATE UNIVERSITY,1,0,0,1,200000,200000
Wichita,2019,WICHITA STATE UNIVERSITY,0,1,50000,0,0,50000
Wichita,2022,WICHITA STATE UNIVERSITY,0,1,50000,0,0,50000
Wilmington,2022,UNIVERSITY OF NORTH CAROLINA AT WILMINGTON,0,1,50000,0,0,50000
Winston Salem,2020,WAKE FOREST UNIVERSITY HEALTH SCIENCES,0,1,50000,0,0,50000
Worcester,2013,WORCESTER POLYTECHNIC INSTITUTE,0,1,50000,0,0,50000
Worcester,2014,WORCESTER POLYTECHNIC INSTITUTE,0,2,100000,0,0,100000
Worcester,2018,WORCESTER POLYTECHNIC INSTITUTE,1,0,0,1,255000,255000
Worcester,2020,WORCESTER POLYTECHNIC INSTITUTE,0,1,50000,0,0,50000
Worcester,2021,WORCESTER POLYTECHNIC INSTITUTE,0,2,100000,0,0,100000
Worcester,2022,WORCESTER POLYTECHNIC INSTITUTE,0,1,50000,0,0,50000
Youngstown,2016,YOUNGSTOWN STATE UNIVERSITY,0,1,50000,0,0,50000
Ypsilanti,2015,EASTERN MICHIGAN UNIVERSITY,0,1,50000,0,0,50000
morgantown,2019,WEST VIRGINIA UNIVERSITY RESEARCH CORPORATION,0,2,100000,0,0,100000
morgantown,2020,WEST VIRGINIA UNIVERSITY RESEARCH CORPORATION,0,1,50000,0,0,50000
morgantown,2021,WEST VIRGINIA UNIVERSITY RESEARCH CORPORATION,0,2,100000,0,0,100000
morgantown,2022,WEST VIRGINIA UNIVERSITY RESEARCH CORPORATION,0,1,50000,0,0,50000
Chesterfield,2019,VIRGINIA STATE UNIVERSITY,0,1,50000,0,0,50000
